"stage2/step","Group: VaDE_Complicate_cauchy - stage2/mcc_pearson","Group: VaDE_Complicate_cauchy - stage2/mcc_pearson__MIN","Group: VaDE_Complicate_cauchy - stage2/mcc_pearson__MAX","Group: VaDE_Complicate_cauchy - _step","Group: VaDE_Complicate_cauchy - _step__MIN","Group: VaDE_Complicate_cauchy - _step__MAX","Group: Danru_Complicate_cauchy - stage2/mcc_pearson","Group: Danru_Complicate_cauchy - stage2/mcc_pearson__MIN","Group: Danru_Complicate_cauchy - stage2/mcc_pearson__MAX","Group: Danru_Complicate_cauchy - _step","Group: Danru_Complicate_cauchy - _step__MIN","Group: Danru_Complicate_cauchy - _step__MAX","Group: Ours_Complicate_cauchy - stage2/mcc_pearson","Group: Ours_Complicate_cauchy - stage2/mcc_pearson__MIN","Group: Ours_Complicate_cauchy - stage2/mcc_pearson__MAX","Group: Ours_Complicate_cauchy - _step","Group: Ours_Complicate_cauchy - _step__MIN","Group: Ours_Complicate_cauchy - _step__MAX"
"1","0.26130473438281654","0.11205291392042172","0.4132006219078438","10047","10047","10047","0.22050371973299132","0.12535679201887268","0.3505571189554019","20047.2","20046","20048","0.451830019179752","0.25398531683424014","0.5757722437133073","20047.2","20046","20048"
"251","0.2444310093036846","0","0.39858987156215797","10300","10300","10300","0.22127856376764413","0.15642284870621115","0.3068265481458427","20300.2","20299","20301","0.48142339759102726","0.285216334362103","0.5856626243243543","20300.2","20299","20301"
"501","0.23598940212655992","0","0.3745530548073236","10553","10553","10553","0.24550301038514957","0.12396304296463005","0.4020448078309135","20553.2","20552","20554","0.4439924986265312","0.11302142542438895","0.6418572378318195","20553.2","20552","20554"
"751","0.28552977792838047","0","0.4776394446404179","10806","10806","10806","0.19421940112601255","0.10444053973046277","0.3007762505849049","20806.2","20805","20807","0.5121267724858429","0.23247888642092057","0.6227467449709039","20806.2","20805","20807"
"1001","0.21582400196845372","0","0.4290009097161314","11059","11059","11059","0.18971760067954724","0.10133200943604863","0.3010140228866887","21059.2","21058","21060","0.4885733360836535","0.3147160555146705","0.6298521017622073","21059.2","21058","21060"
"1251","0.1727737075134066","0","0.3509044631818653","11312","11312","11312","0.21145210906216727","0.13625038550423474","0.3429367333839185","21312.2","21311","21313","0.4815036071701468","0.3392583987140806","0.6119513019366333","21312.2","21311","21313"
"1501","0.12367071540273913","0","0.35756025658775065","11565","11565","11565","0.2509792785338028","0.07625557218245092","0.4217555901783239","21565.2","21564","21566","0.45025953857503287","0.30540194721874664","0.5984096109741984","21565.2","21564","21566"
"1751","0.11087066790180536","0","0.39809506851473964","11818","11818","11818","0.24916598973646392","0.183489152187637","0.3665960889787515","21818.2","21817","21819","0.4752028042283608","0.1795645511153333","0.5842988078433506","21818.2","21817","21819"
"2001","0.1014014626453773","0","0.3351258655965212","12071","12071","12071","0.21134372956282102","0.10639981662425466","0.30132583195700346","22071.2","22070","22072","0.5254856327754694","0.45049769134391215","0.6141860289888486","22071.2","22070","22072"
"2251","0.14321165596631874","0","0.45965941919474995","12324","12324","12324","0.2479247750351446","0.15850736097318355","0.3230058518711647","22324.2","22323","22325","0.5099417052694235","0.41141922607139014","0.5791217601067846","22324.2","22323","22325"
"2501","0.11520881300675283","0","0.36193351778200034","12577","12577","12577","0.21200410323618937","0.12525745956963616","0.3235181762381399","22577.2","22576","22578","0.4738608945525281","0.25638842951489726","0.6105858230406903","22577.2","22576","22578"
"2751","0.0700700529242341","0","0.3297322358529796","12830","12830","12830","0.22110559240917552","0.11129024048301153","0.3286366606077158","22830.2","22829","22831","0.49750259076267833","0.2861383900235951","0.6518444582759215","22830.2","22829","22831"
"3001","0.0678598678239144","0","0.2423008356765745","13083","13083","13083","0.19833537727395312","0.13732051374234447","0.27885251028167257","23083.2","23082","23084","0.44543911798752334","0.12434339958524157","0.6647412304159641","23083.2","23082","23084"
"3251","0.07099216539048685","0","0.3385018297762743","13336","13336","13336","0.23036392647606424","0.08878005380566821","0.37610292643777143","23336.2","23335","23337","0.4923601762784391","0.32254826044099827","0.6684009030654628","23336.2","23335","23337"
"3501","0.054273205173553475","0","0.20657283338377672","13589","13589","13589","0.1907802745718899","0.1174144796636241","0.2916206025242013","23589.2","23588","23590","0.4956646662244818","0.10545583583072224","0.7044776419292123","23589.2","23588","23590"
"3751","0.06025867896363716","0","0.2751682487849561","13842","13842","13842","0.21683200695220245","0.12836323442006894","0.3936025220786118","23842.2","23841","23843","0.5376102875908841","0.3527272098942351","0.6846732734727501","23842.2","23841","23843"
"4001","0.07988359134015868","0","0.348116686453694","14095","14095","14095","0.25032998468343687","0.16605613603348363","0.33503793769878853","24095.2","24094","24096","0.4678565482412436","0.20330541885613035","0.6809009449860365","24095.2","24094","24096"
"4251","0.0850495469354132","0","0.41521705551406124","14348","14348","14348","0.2528407555134611","0.14248419958005273","0.3570734982916946","24348.2","24347","24349","0.47695733228246767","0.25977237909582596","0.6058786208601546","24348.2","24347","24349"
"4501","0.07679953974795675","0","0.32791634429037647","14601","14601","14601","0.19581554718089483","0.10605369738646493","0.3618943960681629","24601.2","24600","24602","0.4494681553135426","0.26906790411040205","0.5566384175082342","24601.2","24600","24602"
"4751","0.0742605161560737","0","0.30812329265081057","14854","14854","14854","0.2451965573314628","0.1546233359080074","0.33729833294735895","24854.2","24853","24855","0.5387843378466683","0.23374624305745817","0.6577811307048378","24854.2","24853","24855"
"5001","0.05104796843073769","0","0.20867888401496923","15107","15107","15107","0.22225335445282898","0.1560546111793847","0.3116695684280313","25107.2","25106","25108","0.45637564628780397","0.17777805500333985","0.6860152519435019","25107.2","25106","25108"
"5251","0.10238712077407627","0","0.35699005873666145","15360","15360","15360","0.19748340441813492","0.08734728426978768","0.3401203839952249","25360.2","25359","25361","0.5339009160756447","0.416025005809286","0.6932105809637543","25360.2","25359","25361"
"5501","0.09072984708436342","0","0.34670894286851456","15613","15613","15613","0.1969053361713592","0.134897581040903","0.27431250579494365","25613.2","25612","25614","0.5482770155926759","0.3337298669698641","0.6269392486774045","25613.2","25612","25614"
"5751","0.08303665186661191","0","0.372213635687938","15866","15866","15866","0.20380696445697133","0.1447467644622643","0.3010756989404558","25866.2","25865","25867","0.5078916616946095","0.3101262632514977","0.7361359370781145","25866.2","25865","25867"
"6001","0.07091140714806633","0","0.25859758359665264","16119","16119","16119","0.24067464128785648","0.1457180177254766","0.4005584418349641","26119.2","26118","26120","0.5448141534842292","0.4106281739566951","0.6851485045653798","26119.2","26118","26120"
"6251","0.056774760908688694","0","0.2566893176897545","16372","16372","16372","0.260545586418241","0.13576118762903916","0.38773054563096643","26372.2","26371","26373","0.5352712261691763","0.38223576308293705","0.6798829545451014","26372.2","26371","26373"
"6501","0.06297627370647184","0","0.29695748789775533","16625","16625","16625","0.2344964277988577","0.15255635509931345","0.4141702191811801","26625.2","26624","26626","0.5325293752364909","0.3334097060236247","0.750190426543014","26625.2","26624","26626"
"6751","0.038119833644265924","0","0.13395017210421983","16878","16878","16878","0.2305535716552193","0.14782073545407898","0.30397051900434774","26878.2","26877","26879","0.5381252450799837","0.3880164819590082","0.6536836240633287","26878.2","26877","26879"
"7001","0.06357818323869258","0","0.22750231566114118","17131","17131","17131","0.26500295934690304","0.12089015965536846","0.36492741393270134","27131.2","27130","27132","0.49804839636949483","0.15105176157517422","0.6633955099839777","27131.2","27130","27132"
"7251","0.05289953723198064","0","0.2599048513155789","17384","17384","17384","0.22879794448486473","0.134909080809446","0.3964584882270709","27384.2","27383","27385","0.5423185070372929","0.3499742764571014","0.660343235437173","27384.2","27383","27385"
"7501","0.0727913919253164","0","0.270681083376259","17637","17637","17637","0.24405686102609514","0.13227261820093783","0.42461248664700857","27637.2","27636","27638","0.5143037444092435","0.2870826633931913","0.6518123831110603","27637.2","27636","27638"
"7751","0.0672593974346332","0","0.2830762525843465","17890","17890","17890","0.25663854709009787","0.18954047560495743","0.3577166332642914","27890.2","27889","27891","0.5512813326302949","0.34345226481481833","0.6438902347484088","27890.2","27889","27891"
"8001","0.07957366792066223","0","0.314929442650225","18143","18143","18143","0.2428285667359634","0.12949234300852897","0.4021267816454398","28143.2","28142","28144","0.5462858800607171","0.3793274512589845","0.6151308384649428","28143.2","28142","28144"
"8251","0.0775408664838091","0","0.2989181352077198","18396","18396","18396","0.20350159021447328","0.13351178158494584","0.26984586682615036","28396.2","28395","28397","0.5663672922816155","0.31588185888616727","0.7982336383788478","28396.2","28395","28397"
"8501","0.07480576794628506","0","0.3632197329322321","18649","18649","18649","0.27533780865810853","0.14207006904435313","0.41191154840938865","28649.2","28648","28650","0.48979578070872104","0.2883569619624756","0.649451368616177","28649.2","28648","28650"
"8751","0.07346539164382906","0","0.3295407756395202","18902","18902","18902","0.24076396156858298","0.14584214075081128","0.4422836620679854","28902.2","28901","28903","0.48830250524112745","0.2925220976930777","0.7151330007340351","28902.2","28901","28903"
"9001","0.06614499475964127","0","0.2573512512789554","19155","19155","19155","0.24140667903871638","0.10837555456003159","0.37888589009002777","29155.2","29154","29156","0.5092456518798387","0.18000196205572705","0.6276902298159213","29155.2","29154","29156"
"9251","0.08526089429756847","0","0.3286375505665121","19408","19408","19408","0.23294741451777062","0.10785602378096477","0.37416370401588017","29408.2","29407","29409","0.5573496768231434","0.48524492866659746","0.6808325629321498","29408.2","29407","29409"
"9501","0.07141476241746024","0","0.32516106411182044","19661","19661","19661","0.22789506208468135","0.1422126384370531","0.3312014799283874","29661.2","29660","29662","0.5385545931623501","0.23540455657055182","0.6863403996096605","29661.2","29660","29662"
"9751","0.10826220045348874","0","0.4454875164996121","19914","19914","19914","0.22693314271592083","0.14344313429203684","0.31804240171167875","29914.2","29913","29915","0.5071820922652456","0.3282481688297074","0.6369291414953588","29914.2","29913","29915"
"10001","0.05357890875324567","0","0.21655766696400663","20167","20167","20167","0.22106889161732995","0.10089986415153648","0.3160955477654269","30167.2","30166","30168","0.5346006449145909","0.31027907533312366","0.6835897311472984","30167.2","30166","30168"
"10251","0.04873170228733735","0","0.2024352073803458","20420","20420","20420","0.2282383930309296","0.1395766098183929","0.3752796096535131","30420.2","30419","30421","0.5236798728633323","0.40309320716992464","0.6180925288722647","30420.2","30419","30421"
"10501","0.08325797814932452","0","0.33965205896314665","20673","20673","20673","0.2367982628030955","0.10033796779006729","0.385504367543574","30673.2","30672","30674","0.5565116381225104","0.4410592107568435","0.6440400347580297","30673.2","30672","30674"
"10751","0.062108602420303194","0","0.26912738243649714","20926","20926","20926","0.23105640634859115","0.14873686334740535","0.3204084322191477","30926.2","30925","30927","0.5178795775482373","0.36695859968188616","0.662129330533678","30926.2","30925","30927"
"11001","0.08215276560851156","0","0.33858798877604457","21179","21179","21179","0.2383859503567491","0.1844934411858817","0.33359673947108937","31179.2","31178","31180","0.5195554514858414","0.38014992314366447","0.6349403164125098","31179.2","31178","31180"
"11251","0.06742208601246436","0","0.29494703864202737","21432","21432","21432","0.19941583153830617","0.12093438908495047","0.3273727521746296","31432.2","31431","31433","0.5519136500869386","0.4179601432379288","0.6904714158733493","31432.2","31431","31433"
"11501","0.071561083598716","0","0.2855263324188835","21685","21685","21685","0.308264691515373","0.17942276809142427","0.40672112896595924","31685.2","31684","31686","0.5203628266744814","0.38129887486921277","0.7405278027377165","31685.2","31684","31686"
"11751","0.050024061156342656","0","0.3653853035451763","21938","21938","21938","0.2189649269036999","0.15945027107075915","0.31568043331546236","31938.2","31937","31939","0.5124738692054722","0.3275123445816471","0.6103388232105735","31938.2","31937","31939"
"12001","0.03798183199548486","0","0.2539526535944218","22191","22191","22191","0.22399171311928168","0.1336094098962044","0.2921068693988914","32191.2","32190","32192","0.5548866063311573","0.4076318151318866","0.6695486647861852","32191.2","32190","32192"
"12251","0.04767490666173019","0","0.263603901645205","22444","22444","22444","0.18378731991095223","0.10073549314673644","0.244398058358058","32444.2","32443","32445","0.5621563680568017","0.37109075168808126","0.6814550529212504","32444.2","32443","32445"
"12501","0.038897710414820943","0","0.2211167508507029","22697","22697","22697","0.2330779941706142","0.13790246675082848","0.409906025083667","32697.2","32696","32698","0.5612693654429662","0.2783287941323536","0.6828544531020815","32697.2","32696","32698"
"12751","0.015361153328060321","0","0.1536115332806032","22950","22950","22950","0.1957559871496048","0.13249082713867574","0.31467888087720103","32950.2","32949","32951","0.5289135704036254","0.4185988299922331","0.7427892428265442","32950.2","32949","32951"
"13001","0","0","0","23203","23203","23203","0.2641783905603747","0.10541918644904028","0.3915809455895648","33203.2","33202","33204","0.4986528496699649","0.19278008199791166","0.7520748536456296","33203.2","33202","33204"
"13251","0","0","0","23456","23456","23456","0.1892589024108366","0.11269606802795262","0.27621590128519524","33456.2","33455","33457","0.5086809090392606","0.36544293663627564","0.6262607380133329","33456.2","33455","33457"
"13501","0","0","0","23709","23709","23709","0.18185514502706995","0.06530173863354563","0.26071261317594085","33709.2","33708","33710","0.5128940726469302","0.2695576517302394","0.6856689679785251","33709.2","33708","33710"
"13751","0","0","0","23962","23962","23962","0.22106666481538467","0.12088770637444264","0.37061614930435455","33962.2","33961","33963","0.5667969275613507","0.3495639612897391","0.6823617302008943","33962.2","33961","33963"
"14001","0","0","0","24215","24215","24215","0.23429786458696053","0.16871735937335675","0.3134957342949012","34215.2","34214","34216","0.5159001576838456","0.3224893343260705","0.6720534681197554","34215.2","34214","34216"
"14251","0","0","0","24468","24468","24468","0.21081489169193163","0.10815824359765167","0.40885723941846663","34468.2","34467","34469","0.5698663477181322","0.220615565665164","0.7265557810152063","34468.2","34467","34469"
"14501","0","0","0","24721","24721","24721","0.24287041307827625","0.12899404426392785","0.3774700469093154","34721.2","34720","34722","0.5201006426536268","0.22923488770825076","0.7110332038469072","34721.2","34720","34722"
"14751","0","0","0","24974","24974","24974","0.2156002017445883","0.06995913060434016","0.26385284010557786","34974.2","34973","34975","0.4913874018218607","0.1765286788975033","0.7330124361073586","34974.2","34973","34975"
"15001","0","0","0","25227","25227","25227","0.22028314303055474","0.10857261224859933","0.42447271428125044","35227.2","35226","35228","0.5531854688415185","0.3783402588155707","0.6572537132385944","35227.2","35226","35228"
"15251","0","0","0","25480","25480","25480","0.2610285273914981","0.16449742834250136","0.43970550749929405","35480.2","35479","35481","0.5684445151802623","0.46919908620813944","0.7224465295411583","35480.2","35479","35481"
"15501","0","0","0","25733","25733","25733","0.2506031933543556","0.118884864365802","0.3863822902668078","35733.2","35732","35734","0.4951775399224007","0.30586996385635745","0.6724740583670303","35733.2","35732","35734"
"15751","0","0","0","25986","25986","25986","0.2620397969260766","0.13206310496739948","0.40060805171977043","35986.2","35985","35987","0.504716895994908","0.362130577265926","0.5925727222325797","35986.2","35985","35987"
"16001","0","0","0","26239","26239","26239","0.21662061882624287","0.11780862808881028","0.32281878451007595","36239.2","36238","36240","0.5641985431893406","0.37310943405693636","0.7487845699196988","36239.2","36238","36240"
"16251","0","0","0","26492","26492","26492","0.19810798238978866","0.11135741965022361","0.3347497406545379","36492.2","36491","36493","0.5587544176898168","0.3458227934603808","0.6686621010379218","36492.2","36491","36493"
"16501","0","0","0","26745","26745","26745","0.23479238830724758","0.14420796200119185","0.30610125332909927","36745.2","36744","36746","0.5063191353639158","0.33141613559781713","0.6187846124707502","36745.2","36744","36746"
"16751","0","0","0","26998","26998","26998","0.20329175835427024","0.10497897457415892","0.3032352625081747","36998.2","36997","36999","0.5241434963154303","0.35609659677122985","0.69785637328302","36998.2","36997","36999"
"17001","0","0","0","27251","27251","27251","0.22997779326590168","0.14263334162308053","0.30249016494274994","37251.2","37250","37252","0.5336501230462412","0.3404735495142913","0.6952805726288371","37251.2","37250","37252"
"17251","0","0","0","27504","27504","27504","0.24133869362932986","0.14023508865898335","0.36973508936627153","37504.2","37503","37505","0.5424952598452516","0.3051404162512551","0.7160798578504084","37504.2","37503","37505"
"17501","0","0","0","27757","27757","27757","0.22690837197607322","0.08840727332803958","0.3740986151289809","37757.2","37756","37758","0.49436914917415764","0.2591640705421797","0.7363216574025457","37757.2","37756","37758"
"17751","0","0","0","28010","28010","28010","0.23160573705739199","0.14737280399217909","0.3148453022184171","38010.2","38009","38011","0.517534336232028","0.42185249310484824","0.5999396199443721","38010.2","38009","38011"
"18001","0","0","0","28263","28263","28263","0.1852095502584919","0.10153198213170775","0.3183049781961772","38263.2","38262","38264","0.4812246980574602","0.27847286127286647","0.7156157358028308","38263.2","38262","38264"
"18251","0","0","0","28516","28516","28516","0.22787248695809378","0.1334550777185584","0.38083060478095204","38516.2","38515","38517","0.5794698090545686","0.45705495936319035","0.6853643106872369","38516.2","38515","38517"
"18501","0","0","0","28769","28769","28769","0.17679198624142786","0.12262001558856539","0.24333699688277996","38769.2","38768","38770","0.5664679219007653","0.329996885624681","0.7280851895145546","38769.2","38768","38770"
"18751","0","0","0","29022","29022","29022","0.21376110190038689","0.12619417499773183","0.35303613304511083","39022.2","39021","39023","0.530954529127268","0.4720579788128244","0.6279265461459406","39022.2","39021","39023"
"19001","0","0","0","29275","29275","29275","0.22791190244084697","0.10716977389157516","0.3309318669393334","39275.2","39274","39276","0.5550877385371744","0.2754137028640387","0.6931560254233259","39275.2","39274","39276"
"19251","0","0","0","29528","29528","29528","0.23154707616296374","0.10367186349919115","0.34405550582201083","39528.2","39527","39529","0.5081285697839963","0.226659754142731","0.6991846778532829","39528.2","39527","39529"
"19501","0","0","0","29781","29781","29781","0.21870537178566404","0.10567937768919064","0.40375229482319586","39781.2","39780","39782","0.5844614993404409","0.40058700605558667","0.7750945539798182","39781.2","39780","39782"
"19751","0","0","0","30034","30034","30034","0.24096444301593684","0.12245191583807398","0.38668740306323734","40034.2","40033","40035","0.549471745885381","0.3806193056769619","0.712280815487013","40034.2","40033","40035"
"20001","0","0","0","30287","30287","30287","0.2436367138840005","0.17704092187530907","0.3010840246340494","40287.2","40286","40288","0.5509087458645081","0.48733943395301527","0.6268104768811116","40287.2","40286","40288"
"20251","0","0","0","30540","30540","30540","0.24073021058743826","0.10242771058765329","0.3503338932544563","40540.2","40539","40541","0.5548576669581139","0.352509816727033","0.7494028343588888","40540.2","40539","40541"
"20501","0","0","0","30793","30793","30793","0.2488078304481634","0.19343470123462744","0.3134701458862171","40793.2","40792","40794","0.528111418759911","0.24939521226486194","0.7507963187783275","40793.2","40792","40794"
"20751","0","0","0","31046","31046","31046","0.25087675351179967","0.11135974012070379","0.442791019243909","41046.2","41045","41047","0.5076959959242769","0.3005157766337268","0.7231319693122014","41046.2","41045","41047"
"21001","0","0","0","31299","31299","31299","0.203761089923887","0.15069006460229864","0.28914733139489557","41299.2","41298","41300","0.5140733504937135","0.10332069336482122","0.7274920831911761","41299.2","41298","41300"
"21251","0","0","0","31552","31552","31552","0.25985928216514276","0.1605827681966833","0.47229604966552585","41552.2","41551","41553","0.5025060247137654","0.2786242124430209","0.6969440096399057","41552.2","41551","41553"
"21501","0","0","0","31805","31805","31805","0.26957617933974937","0.17260236616565366","0.3924570802918135","41805.2","41804","41806","0.49771881493165593","0.1290080440745941","0.6523870286078679","41805.2","41804","41806"
"21751","0","0","0","32058","32058","32058","0.24958714769068918","0.17155557877709834","0.3289039992576467","42058.2","42057","42059","0.4831200110589203","0.1643076816766316","0.7030767852112967","42058.2","42057","42059"
"22001","0","0","0","32311","32311","32311","0.2531597092084415","0.12333029139398739","0.3660655731184011","42311.2","42310","42312","0.5042773946908456","0.40586692424769977","0.6823956780938003","42311.2","42310","42312"
"22251","0","0","0","32564","32564","32564","0.18964879094899653","0.10816103046253833","0.3068511539175952","42564.2","42563","42565","0.5691571486180054","0.34506885825643435","0.7551571498651171","42564.2","42563","42565"
"22501","0","0","0","32817","32817","32817","0.2191368472579714","0.1355576927656571","0.3414782148229807","42817.2","42816","42818","0.5063231660714335","0.19759542225891058","0.7065818155213145","42817.2","42816","42818"
"22751","0","0","0","33070","33070","33070","0.20755146071028419","0.10790234730103909","0.4098808693209299","43070.2","43069","43071","0.5473327551061696","0.4606237164290013","0.6347218724802287","43070.2","43069","43071"
"23001","0","0","0","33323","33323","33323","0.21412884398267668","0.10084172280546044","0.34087700334183246","43323.2","43322","43324","0.5580014841658997","0.30247395811293176","0.6947326909246354","43323.2","43322","43324"
"23251","0","0","0","33576","33576","33576","0.233824925369077","0.1562556451996726","0.3439215676688721","43576.2","43575","43577","0.5611936390061446","0.4108907583209908","0.7694494765490292","43576.2","43575","43577"
"23501","0","0","0","33829","33829","33829","0.26380382312188855","0.18075890598455868","0.4184167119570919","43829.2","43828","43830","0.5011212510354179","0.2091286351014447","0.6423057281221645","43829.2","43828","43830"
"23751","0","0","0","34082","34082","34082","0.22788728561017976","0.10458920773753995","0.3550188740605008","44082.2","44081","44083","0.47393916964588867","0.2862053785160409","0.683853176963792","44082.2","44081","44083"
"24001","0","0","0","34335","34335","34335","0.23623241034542328","0.12052686986728797","0.3728314879293953","44335.2","44334","44336","0.606366486843896","0.45178819392717456","0.6778970875397656","44335.2","44334","44336"
"24251","0","0","0","34588","34588","34588","0.21210038496785716","0.06034684411274906","0.32846193296037735","44588.2","44587","44589","0.5324014620372081","0.3101304090903153","0.7595269077753569","44588.2","44587","44589"
"24501","0","0","0","34841","34841","34841","0.22366043577791156","0.10408327380999557","0.31518043931237616","44841.2","44840","44842","0.4821036457315303","0.24912056531731133","0.6207263143370685","44841.2","44840","44842"
"24751","0","0","0","35094","35094","35094","0.23140327360776913","0.1250172741072733","0.457185676877401","45094.2","45093","45095","0.5244507790246815","0.28008916408886936","0.6675381203369886","45094.2","45093","45095"
"25001","0","0","0","35347","35347","35347","0.24097207280395247","0.13228353889922856","0.33825603446447694","45347.2","45346","45348","0.5074281323475964","0.34082774329796234","0.6567124650668635","45347.2","45346","45348"
"25251","0","0","0","35600","35600","35600","0.21231679930212363","0.11479892079239384","0.3207226067177431","45600.2","45599","45601","0.4589935563160223","0.20078825158606423","0.6575696567998554","45600.2","45599","45601"
"25501","0","0","0","35853","35853","35853","0.19855411176222212","0.11403627735918538","0.40503878508007285","45853.2","45852","45854","0.4889914724593253","0.3498142060957879","0.6587168250737024","45853.2","45852","45854"
"25751","0","0","0","36106","36106","36106","0.21609763440252042","0.14034596087127862","0.27582193426727286","46106.2","46105","46107","0.5093158323842915","0.26726505099060893","0.7983887286552017","46106.2","46105","46107"
"26001","0","0","0","36359","36359","36359","0.234122750655032","0.13516047984915006","0.3880242019570659","46359.2","46358","46360","0.4768943034786967","0.22158500961346234","0.7293136672021397","46359.2","46358","46360"
"26251","0","0","0","36612","36612","36612","0.29075948220689746","0.19333949745139017","0.4382890554111512","46612.2","46611","46613","0.5583310432504369","0.30380658993674253","0.7997317519456215","46612.2","46611","46613"
"26501","0","0","0","36865","36865","36865","0.23835079508484203","0.10410619846179411","0.38875966960160513","46865.2","46864","46866","0.5475016685758971","0.3971572516511922","0.6820646163517587","46865.2","46864","46866"
"26751","0","0","0","37118","37118","37118","0.22271389364766764","0.163906885122664","0.2984719994572944","47118.2","47117","47119","0.5425850577926526","0.30350324653890576","0.7591848851499605","47118.2","47117","47119"
"27001","0","0","0","37371","37371","37371","0.19862795716274884","0.10500257284262575","0.35514144624497274","47371.2","47370","47372","0.5657702177082371","0.4098387045065378","0.7319233660438016","47371.2","47370","47372"
"27251","0","0","0","37624","37624","37624","0.30093507788509555","0.17854872989535062","0.5024072564513155","47624.2","47623","47625","0.5369977363728767","0.3548202746263392","0.7663516833374087","47624.2","47623","47625"
"27501","0","0","0","37877","37877","37877","0.23619669282837288","0.10595317296879367","0.4002838372262132","47877.2","47876","47878","0.5464360566840529","0.14276683456549638","0.7120732967898528","47877.2","47876","47878"
"27751","0","0","0","38130","38130","38130","0.21352355701755826","0.10434412487083781","0.31428891683600646","48130.2","48129","48131","0.497531257190061","0.2395212987999334","0.6985617132986032","48130.2","48129","48131"
"28001","0","0","0","38383","38383","38383","0.22327588714013563","0.08419086707353109","0.3662091135113438","48383.2","48382","48384","0.5104308367180052","0.19441015495732986","0.6346053077968222","48383.2","48382","48384"
"28251","0","0","0","38636","38636","38636","0.28403021292291375","0.1286228104969061","0.3363391117125004","48636.2","48635","48637","0.5087513473274068","0.12842428550800156","0.7584024917092042","48636.2","48635","48637"
"28501","0","0","0","38889","38889","38889","0.2395147866579234","0.11073759221369936","0.40583685882112847","48889.2","48888","48890","0.5360573860650225","0.127536060156137","0.6878221838992643","48889.2","48888","48890"
"28751","0","0","0","39142","39142","39142","0.2211626283172165","0.11979844222287468","0.33085225483456016","49142.2","49141","49143","0.5977107077626124","0.44873049107376384","0.6568627597270156","49142.2","49141","49143"
"29001","0","0","0","39395","39395","39395","0.22679459872476243","0.10736931317024331","0.32970137958081114","49395.2","49394","49396","0.5495947562325293","0.36125061138458914","0.7566671385203219","49395.2","49394","49396"
"29251","0","0","0","39648","39648","39648","0.2173722433680172","0.11260637509265117","0.290233476214672","49648.2","49647","49649","0.5740096603066798","0.4901803426240332","0.6501558555504164","49648.2","49647","49649"
"29501","0","0","0","39901","39901","39901","0.2185856539844157","0.11187538337014695","0.333960233675964","49901.2","49900","49902","0.4859678992298334","0.24295072258470624","0.6403091435038881","49901.2","49900","49902"
"29751","0","0","0","40154","40154","40154","0.275589735697016","0.15881150963872673","0.3668150612056039","50154.2","50153","50155","0.576218922611295","0.42209315171119766","0.734689993989507","50154.2","50153","50155"
"30001","0","0","0","40407","40407","40407","0.21298939011584075","0.10757831275356891","0.33181598186522343","50407.2","50406","50408","0.5303347031945074","0.3087212351690352","0.6790528259186239","50407.2","50406","50408"
"30251","0","0","0","40660","40660","40660","0.24518101541491716","0.10698542496147331","0.3800276463973805","50660.2","50659","50661","0.556600094574302","0.42150658440368743","0.7529903661585295","50660.2","50659","50661"
"30501","0","0","0","40913","40913","40913","0.28349621484816356","0.12698586930410447","0.432189350639789","50913.2","50912","50914","0.5864105752476696","0.5056636435104154","0.7142202100110897","50913.2","50912","50914"
"30751","0","0","0","41166","41166","41166","0.2295442001768102","0.14178517620933243","0.3291499709979489","51166.2","51165","51167","0.550885690833451","0.3039203725485269","0.7564142555692726","51166.2","51165","51167"
"31001","0","0","0","41419","41419","41419","0.2534078532209928","0.17033790709466418","0.5075620296405791","51419.2","51418","51420","0.5163685925777486","0.3665377742080465","0.6301342608983751","51419.2","51418","51420"
"31251","0","0","0","41672","41672","41672","0.23336966768910777","0.10690170453688788","0.3517483246825199","51672.2","51671","51673","0.46592459979093837","0.11054544004750384","0.6785594947021625","51672.2","51671","51673"
"31501","0","0","0","41925","41925","41925","0.2301454340821143","0.09750166029662687","0.34107021746013716","51925.2","51924","51926","0.5896371440237016","0.2889156708403945","0.7814502942185731","51925.2","51924","51926"
"31751","0","0","0","42178","42178","42178","0.2192929047030748","0.11816036363604723","0.2962957013809858","52178.2","52177","52179","0.47039466386310097","0.2329089646536011","0.7652488498732247","52178.2","52177","52179"
"32001","0","0","0","42431","42431","42431","0.27677644498379306","0.18313009449707823","0.4043886633477222","52431.2","52430","52432","0.590148455897107","0.4352627394988189","0.7672063366051026","52431.2","52430","52432"
"32251","0","0","0","42684","42684","42684","0.22724542565845876","0.15170572590476764","0.3745588370231592","52684.2","52683","52685","0.4925469756015343","0.29182981601467733","0.7010569631159508","52684.2","52683","52685"
"32501","0","0","0","42937","42937","42937","0.2347588882970765","0.16650415263040244","0.31591291733318927","52937.2","52936","52938","0.557974698745907","0.34118781037961876","0.7619642744974787","52937.2","52936","52938"
"32751","0","0","0","43190","43190","43190","0.27422719893992226","0.15413859540604674","0.4167441310705863","53190.2","53189","53191","0.5308782115400806","0.4036978389719031","0.6915521122495468","53190.2","53189","53191"
"33001","0","0","0","43443","43443","43443","0.2576904510053592","0.10610141169780718","0.4035758456436935","53443.2","53442","53444","0.5620827506560463","0.41134032707439144","0.6755999633221139","53443.2","53442","53444"
"33251","0","0","0","43696","43696","43696","0.21192603071731048","0.1292051511332932","0.35243046446293086","53696.2","53695","53697","0.48604554936732897","0.2876222152961434","0.60120585732399","53696.2","53695","53697"
"33501","0","0","0","43949","43949","43949","0.24367494937213738","0.11643722689162603","0.3671410645870199","53949.2","53948","53950","0.5619248054856238","0.4431892735754784","0.7478451650791419","53949.2","53948","53950"
"33751","0","0","0","44202","44202","44202","0.24253909902425366","0.12758960449496842","0.4377048244560659","54202.2","54201","54203","0.6219576327922833","0.49067257745007903","0.764951569064787","54202.2","54201","54203"
"34001","0","0","0","44455","44455","44455","0.24767158614086365","0.1784885318205661","0.3002952056804264","54455.2","54454","54456","0.5135945557026393","0.3163908759023374","0.7324924403867171","54455.2","54454","54456"
"34251","0","0","0","44708","44708","44708","0.25228271441366157","0.11286175603863155","0.40087610790320233","54708.2","54707","54709","0.6220525608988627","0.5373134501085076","0.7884908960699668","54708.2","54707","54709"
"34501","0","0","0","44961","44961","44961","0.19515985111700468","0.10284583557275213","0.26905134580632495","54961.2","54960","54962","0.4895896209949835","0.24938852902134392","0.6591340284672931","54961.2","54960","54962"
"34751","0","0","0","45214","45214","45214","0.2691902028825785","0.17929429910073336","0.40470454758661145","55214.2","55213","55215","0.5124431120049904","0.2581800532940428","0.6544291722820665","55214.2","55213","55215"
"35001","0","0","0","45467","45467","45467","0.19087796081683625","0.10798665500591338","0.3066854038178647","55467.2","55466","55468","0.5034297166833439","0.10975352207470002","0.7233926634337532","55467.2","55466","55468"
"35251","0","0","0","45720","45720","45720","0.22624686649662315","0.1425481876990373","0.32035791567456395","55720.2","55719","55721","0.5380215125313708","0.3935608545770793","0.7471990900147508","55720.2","55719","55721"
"35501","0","0","0","45973","45973","45973","0.24437573604412094","0.11151090327198336","0.33456797470963984","55973.2","55972","55974","0.55416535001321","0.4271710233709924","0.6693853100376305","55973.2","55972","55974"
"35751","0","0","0","46226","46226","46226","0.23813500689684278","0.14291982944490084","0.39278497288631276","56226.2","56225","56227","0.5135956219161861","0.26262313803607695","0.626798670104957","56226.2","56225","56227"
"36001","0","0","0","46479","46479","46479","0.2185895282263417","0.15119627730551996","0.34303005653944246","56479.2","56478","56480","0.60666711781456","0.4451171233528964","0.7456874006144656","56479.2","56478","56480"
"36251","0","0","0","46732","46732","46732","0.24063895375478378","0.13122103754807518","0.38734202776894816","56732.2","56731","56733","0.5349973656542318","0.4393789088168867","0.6100102404016663","56732.2","56731","56733"
"36501","0","0","0","46985","46985","46985","0.2234138815988096","0.13331076701452144","0.37998222516761365","56985.2","56984","56986","0.560764717117727","0.37323598018269716","0.6960761193519583","56985.2","56984","56986"
"36751","0","0","0","47238","47238","47238","0.21893050535433806","0.10984565058653037","0.32055352571496293","57238.2","57237","57239","0.542893175883753","0.12377869351481958","0.7037257275325051","57238.2","57237","57239"
"37001","0","0","0","47491","47491","47491","0.18704456714114365","0.12334832344308984","0.2619643568224015","57491.2","57490","57492","0.5159101977658573","0.35389753863001855","0.7002068470549757","57491.2","57490","57492"
"37251","0","0","0","47744","47744","47744","0.221368802233095","0.16120146765349755","0.30419623359817693","57744.2","57743","57745","0.4992369501402704","0.24738622144162664","0.6859336247957653","57744.2","57743","57745"
"37501","0","0","0","47997","47997","47997","0.26505934198502634","0.2199312330936496","0.3161921949286838","57997.2","57996","57998","0.5167448360911746","0.3318514848777915","0.703570844033051","57997.2","57996","57998"
"37751","0","0","0","48250","48250","48250","0.2524026867384311","0.12244192535905948","0.5014948906033386","58250.2","58249","58251","0.559550446017075","0.42002912050250407","0.6591430468280575","58250.2","58249","58251"
"38001","0","0","0","48503","48503","48503","0.2649924426227418","0.18006838788238672","0.5053174544033683","58503.2","58502","58504","0.5650372743834271","0.4202325073118275","0.7542679739190032","58503.2","58502","58504"
"38251","0","0","0","48756","48756","48756","0.21876027765970435","0.13852239147181264","0.35485163888394566","58756.2","58755","58757","0.5947226653106992","0.35719188455142675","0.7413200056141317","58756.2","58755","58757"
"38501","0","0","0","49009","49009","49009","0.22009237111468397","0.14878518263011425","0.28798812308136623","59009.2","59008","59010","0.6133350421166175","0.4133998451312374","0.7593594482551953","59009.2","59008","59010"
"38751","0","0","0","49262","49262","49262","0.24187136877377124","0.10933019199333478","0.4395647730035305","59262.2","59261","59263","0.530595134038318","0.30014297735620354","0.6453098881542463","59262.2","59261","59263"
"39001","0","0","0","49515","49515","49515","0.234537405534816","0.13159588001087563","0.37117231787357696","59515.2","59514","59516","0.534133833078023","0.27090106523009894","0.7757709457722701","59515.2","59514","59516"
"39251","0","0","0","49768","49768","49768","0.2569453251876143","0.14092317556250794","0.4466077907973345","59768.2","59767","59769","0.6080844846635799","0.3938653391328453","0.7012981253944544","59768.2","59767","59769"
"39501","0","0","0","50021","50021","50021","0.22825732519648487","0.10713070046312265","0.399128083682847","60021.2","60020","60022","0.5593373073091765","0.3953706769850043","0.7118012714057288","60021.2","60020","60022"
"39751","0","0","0","50274","50274","50274","0.24579956177680223","0.12435599707827394","0.3340834160736466","60274.2","60273","60275","0.5958964928103302","0.13209977550086133","0.8094475190083592","60274.2","60273","60275"
"40001","0","0","0","50527","50527","50527","0.24668769545145372","0.11094043997192726","0.4420787110400755","60527.2","60526","60528","0.5933376763989422","0.43504023103859046","0.7360398602355185","60527.2","60526","60528"
"40251","0","0","0","50780","50780","50780","0.2371280382633826","0.09882257495326854","0.38810618659726515","60780.2","60779","60781","0.601582863671385","0.5172823808114668","0.7364692739600052","60780.2","60779","60781"
"40501","0","0","0","51033","51033","51033","0.2347142576435408","0.11615793640727479","0.3279320299198532","61033.2","61032","61034","0.4693703987441761","0.1369134531282539","0.750159575598632","61033.2","61032","61034"
"40751","0","0","0","51286","51286","51286","0.2601097759302402","0.1198124281723391","0.3580300510099549","61286.2","61285","61287","0.5334063325094274","0.39172170142783225","0.6271062218580983","61286.2","61285","61287"
"41001","0","0","0","51539","51539","51539","0.21412134603435037","0.1588640956509378","0.3666133648078894","61539.2","61538","61540","0.5126439921244255","0.32669807267201156","0.6226293473266871","61539.2","61538","61540"
"41251","0","0","0","51792","51792","51792","0.250994901858618","0.1122717081809856","0.39282200249985977","61792.2","61791","61793","0.5798972028532665","0.4194685618080031","0.7325375801978661","61792.2","61791","61793"
"41501","0","0","0","52045","52045","52045","0.28735172814648335","0.10754435006728018","0.39924833723675296","62045.2","62044","62046","0.547189722030723","0.10717018345433191","0.7175211782306501","62045.2","62044","62046"
"41751","0","0","0","52298","52298","52298","0.23985032490426944","0.12539690632606104","0.4071941289142891","62298.2","62297","62299","0.5534942603925578","0.29855938637044044","0.7802301852977225","62298.2","62297","62299"
"42001","0","0","0","52551","52551","52551","0.23067560280260188","0.1405555019553413","0.3353492407733317","62551.2","62550","62552","0.4956497857394391","0.27652908984836677","0.7319703123723741","62551.2","62550","62552"
"42251","0","0","0","52804","52804","52804","0.24513714717106402","0.1442710541996648","0.3774722478878841","62804.2","62803","62805","0.5577974826122123","0.42188411762323524","0.7501241022228518","62804.2","62803","62805"
"42501","0","0","0","53057","53057","53057","0.27686226050309176","0.18010388325243104","0.3654582695284744","63057.2","63056","63058","0.5172508608078432","0.2949440922662959","0.7161072018706302","63057.2","63056","63058"
"42751","0","0","0","53310","53310","53310","0.2487668587687751","0.10784544516197625","0.3809693677382052","63310.2","63309","63311","0.5367265282371512","0.36144064014376487","0.6805181175525447","63310.2","63309","63311"
"43001","0","0","0","53563","53563","53563","0.24771454850273122","0.17561585330022847","0.3259273380308715","63563.2","63562","63564","0.5339633060213977","0.4092425184001131","0.6289075926404193","63563.2","63562","63564"
"43251","0","0","0","53816","53816","53816","0.21561923767697633","0.11022092298862252","0.32602019262361953","63816.2","63815","63817","0.5593456032494588","0.43965205742204494","0.6477862677978191","63816.2","63815","63817"
"43501","0","0","0","54069","54069","54069","0.20147877756382374","0.11648504297356414","0.28823793760408944","64069.2","64068","64070","0.5181758494107579","0.21934052056037348","0.6959462138101769","64069.2","64068","64070"
"43751","0","0","0","54322","54322","54322","0.2171882917224718","0.12173050242838568","0.37317532769330763","64322.2","64321","64323","0.5818367159078949","0.32504479289889704","0.7604350760489209","64322.2","64321","64323"
"44001","0","0","0","54575","54575","54575","0.2545040838898424","0.14971266422896223","0.4770710817440075","64575.2","64574","64576","0.5795517838434032","0.38303954585855327","0.7782311828488236","64575.2","64574","64576"
"44251","0","0","0","54828","54828","54828","0.24295607394366123","0.14934291037508846","0.34944505545318555","64828.2","64827","64829","0.5970162360814407","0.4653983808354809","0.7720018644494443","64828.2","64827","64829"
"44501","0","0","0","55081","55081","55081","0.2336588637182259","0.10218539797093931","0.39608032842133745","65081.2","65080","65082","0.49881036717014904","0.3345373302013327","0.7215859150349709","65081.2","65080","65082"
"44751","0","0","0","55334","55334","55334","0.24577826262648766","0.05530771179066681","0.42770242643011","65334.2","65333","65335","0.603298024608629","0.37934573186202686","0.7594017458960169","65334.2","65333","65335"
"45001","0","0","0","55587","55587","55587","0.22031560703052827","0.11931143402571218","0.37043201723548974","65587.2","65586","65588","0.4425728450198805","0.19979273022429744","0.705803257571554","65587.2","65586","65588"
"45251","0","0","0","55840","55840","55840","0.26367715600773745","0.11093460276567571","0.5000617582913379","65840.2","65839","65841","0.5450946853183796","0.2727126170820967","0.6599843080058793","65840.2","65839","65841"
"45501","0","0","0","56093","56093","56093","0.23758004550608236","0.13512013818024368","0.31344375959510873","66093.2","66092","66094","0.5165094694249918","0.20505846195765853","0.6248932534261776","66093.2","66092","66094"
"45751","0","0","0","56346","56346","56346","0.22210038390965736","0.12963356368753615","0.37878868041951935","66346.2","66345","66347","0.5375951979233066","0.27657129010593334","0.6780059899685323","66346.2","66345","66347"
"46001","0","0","0","56599","56599","56599","0.23402072664767215","0.12956380221975988","0.4060929620864295","66599.2","66598","66600","0.5474632856044306","0.3744067397961253","0.7366589100855545","66599.2","66598","66600"
"46251","0","0","0","56852","56852","56852","0.22798814748431911","0.1539276584533386","0.3144513536308868","66852.2","66851","66853","0.47189686510761647","0.11392901690332195","0.7053099226872765","66852.2","66851","66853"
"46501","0","0","0","57105","57105","57105","0.23636656611056805","0.10274072479430622","0.37267932269165666","67105.2","67104","67106","0.5366795936541715","0.2601395970219489","0.6788157116251569","67105.2","67104","67106"
"46751","0","0","0","57358","57358","57358","0.2352377156565788","0.14234574606789008","0.44248222585606845","67358.2","67357","67359","0.5506680853662489","0.32931315549754114","0.6566141396212114","67358.2","67357","67359"
"47001","0","0","0","57611","57611","57611","0.2381005179050862","0.10192179820036736","0.31174810535213215","67611.2","67610","67612","0.5593331069972233","0.4282729308396288","0.7210605524269244","67611.2","67610","67612"
"47251","0","0","0","57864","57864","57864","0.21624889848434684","0.15083409966219824","0.3232382607937833","67864.2","67863","67865","0.5340840622143512","0.18623673145935177","0.7035529903545975","67864.2","67863","67865"
"47501","0","0","0","58117","58117","58117","0.2522098948153666","0.15199440176348955","0.4157454977132768","68117.2","68116","68118","0.5519968886339504","0.23291353174542828","0.6554502718106914","68117.2","68116","68118"
"47751","0","0","0","58370","58370","58370","0.22674052053769636","0.15009766165725263","0.32071955947647696","68370.2","68369","68371","0.5795078331354899","0.25084966984217705","0.7913252271764866","68370.2","68369","68371"
"48001","0","0","0","58623","58623","58623","0.21886494877634602","0.12886648788204472","0.3356978685703395","68623.2","68622","68624","0.5239792831036744","0.3856056233271065","0.6335314381354351","68623.2","68622","68624"
"48251","0","0","0","58876","58876","58876","0.2638976838382457","0.10777973200656954","0.3708836608822923","68876.2","68875","68877","0.540115692998179","0.30996637916307446","0.7654902537629488","68876.2","68875","68877"
"48501","0","0","0","59129","59129","59129","0.19684421493979382","0.11143574327191337","0.32505829342249914","69129.2","69128","69130","0.5675552660241381","0.3174988155548895","0.737835397777902","69129.2","69128","69130"
"48751","0","0","0","59382","59382","59382","0.25079167282231274","0.16011280676515802","0.30487987724083626","69382.2","69381","69383","0.5243652995763095","0.3490259793326434","0.617073536136614","69382.2","69381","69383"
"49001","0","0","0","59635","59635","59635","0.22662301180196973","0.12136566236747075","0.36698884769251083","69635.2","69634","69636","0.5592649487634928","0.32135465938446384","0.6750366914921728","69635.2","69634","69636"
"49251","0","0","0","59888","59888","59888","0.21533241042518095","0.12372950905765316","0.35850734041101423","69888.2","69887","69889","0.5545333357949639","0.2599780021495955","0.7454747122564631","69888.2","69887","69889"
"49501","0","0","0","60141","60141","60141","0.24149097986767792","0.1610154661989943","0.33335404010312536","70141.2","70140","70142","0.5940334445007939","0.49200587951122515","0.7235224588156145","70141.2","70140","70142"
"49751","0","0","0","60394","60394","60394","0.27502784011196624","0.16189422425320169","0.3835780340518529","70394.2","70393","70395","0.5989735085310477","0.5568679377874638","0.6980004968951519","70394.2","70393","70395"
"50001","0","0","0","60647","60647","60647","0.26942923980189304","0.17916631130966562","0.41513272678395585","70647.2","70646","70648","0.5168557433971791","0.30508341054877103","0.7458412108408208","70647.2","70646","70648"
"50251","0","0","0","60900","60900","60900","0.2436372527320872","0.13711050724133708","0.3552655708904116","70900.2","70899","70901","0.5705031622439388","0.2577183631454697","0.7189655585903991","70900.2","70899","70901"
"50501","0","0","0","61153","61153","61153","0.23009886691165188","0.15021736488510984","0.3024122416381028","71153.2","71152","71154","0.5770631871932681","0.3404779731153995","0.7073657397226324","71153.2","71152","71154"
"50751","0","0","0","61406","61406","61406","0.2437666540369746","0.14127672755344317","0.35956643481804734","71406.2","71405","71407","0.546977823525381","0.32583520775186986","0.7719290031131705","71406.2","71405","71407"
"51001","0","0","0","61659","61659","61659","0.2521867103579313","0.1037725892509331","0.39612587004210953","71659.2","71658","71660","0.49475790491828275","0.20327634430689448","0.7528393609958155","71659.2","71658","71660"
"51251","0","0","0","61912","61912","61912","0.21490831171085295","0.13456503845773796","0.3856682493828011","71912.2","71911","71913","0.5169982104026075","0.20961196997233528","0.6998486246945366","71912.2","71911","71913"
"51501","0","0","0","62165","62165","62165","0.2509848251885112","0.12044379459448626","0.4952264347391676","72165.2","72164","72166","0.5591718193993207","0.3764129161343043","0.69940304056825","72165.2","72164","72166"
"51751","0","0","0","62418","62418","62418","0.23698313200638527","0.1799494768462539","0.31293500249909195","72418.2","72417","72419","0.5722432033311791","0.2376684521053969","0.7537290607050158","72418.2","72417","72419"
"52001","0","0","0","62671","62671","62671","0.24763069256481113","0.11670717342507637","0.4124042290335219","72671.2","72670","72672","0.5578953698186099","0.3684139871956308","0.7446601392569636","72671.2","72670","72672"
"52251","0","0","0","62924","62924","62924","0.2325778298950624","0.15111916683122517","0.31376728212631855","72924.2","72923","72925","0.5461586468312036","0.2856413760406582","0.7686147144746629","72924.2","72923","72925"
"52501","0","0","0","63177","63177","63177","0.2530592617572202","0.10915762999723466","0.3856715769149728","73177.2","73176","73178","0.587958380105545","0.41052690052024865","0.820124697512355","73177.2","73176","73178"
"52751","0","0","0","63430","63430","63430","0.18426808095613537","0.044805183833189086","0.3177145481411358","73430.2","73429","73431","0.5467065167683047","0.3336057896362555","0.6927666343584917","73430.2","73429","73431"
"53001","0","0","0","63683","63683","63683","0.23999871369026837","0.14676217374150238","0.4059792949919361","73683.2","73682","73684","0.5173114444053988","0.21549715578475676","0.7639305684755922","73683.2","73682","73684"
"53251","0","0","0","63936","63936","63936","0.303995202009676","0.19851295342778527","0.4551527348171131","73936.2","73935","73937","0.5978866314533255","0.37225592855243683","0.7295057928947425","73936.2","73935","73937"
"53501","0","0","0","64189","64189","64189","0.24579859439956248","0.17095046234368946","0.3331632684314424","74189.2","74188","74190","0.5874596188237315","0.4435911152078912","0.7650205959703568","74189.2","74188","74190"
"53751","0","0","0","64442","64442","64442","0.22737868370476075","0.15369680676302563","0.3255918308258855","74442.2","74441","74443","0.5402204161387323","0.23858427483971276","0.698547388205822","74442.2","74441","74443"
"54001","0","0","0","64695","64695","64695","0.20373621341350642","0.12644210105517478","0.32132131279515974","74695.2","74694","74696","0.5685045610009428","0.5130603411763849","0.6066596955599108","74695.2","74694","74696"
"54251","0","0","0","64948","64948","64948","0.1966082744675585","0.11119282894667523","0.34152458908305805","74948.2","74947","74949","0.4988822723891368","0.2655286502717992","0.7138116311529135","74948.2","74947","74949"
"54501","0","0","0","65201","65201","65201","0.27215266779704983","0.185643645593811","0.39818299677319635","75201.2","75200","75202","0.5539833771415104","0.28514027351171467","0.7881549991465799","75201.2","75200","75202"
"54751","0","0","0","65454","65454","65454","0.2234866100082078","0.11908975878296994","0.3432744658826853","75454.2","75453","75455","0.5926463973505133","0.3952242433698159","0.7479077494800581","75454.2","75453","75455"
"55001","0","0","0","65707","65707","65707","0.2525386049391237","0.1437226689593371","0.3326509594313552","75707.2","75706","75708","0.592690062191205","0.30094511817171465","0.7644521971608074","75707.2","75706","75708"
"55251","0","0","0","65960","65960","65960","0.23602451678263248","0.1434966727421622","0.36045467427155786","75960.2","75959","75961","0.5418088657602256","0.24702718585851113","0.7639275453376235","75960.2","75959","75961"
"55501","0","0","0","66213","66213","66213","0.24244873646108817","0.17674527305404258","0.3049030407774816","76213.2","76212","76214","0.5673132766187838","0.40162862534467364","0.6802232528557564","76213.2","76212","76214"
"55751","0","0","0","66466","66466","66466","0.2431632308421768","0.14407292016550916","0.34505778948282495","76466.2","76465","76467","0.5128059296684505","0.27399596006196414","0.7833542599837588","76466.2","76465","76467"
"56001","0","0","0","66719","66719","66719","0.2150030115648401","0.11092187950936508","0.28203199414728014","76719.2","76718","76720","0.574391185031089","0.3802651837326624","0.8102367057413632","76719.2","76718","76720"
"56251","0","0","0","66972","66972","66972","0.21807653035859467","0.11966388562423377","0.31117441334449725","76972.2","76971","76973","0.5462137530834041","0.23173801408105832","0.6977491311814431","76972.2","76971","76973"
"56501","0","0","0","67225","67225","67225","0.23001434336700313","0.14530045967110086","0.3715719342938786","77225.2","77224","77226","0.5640352080426255","0.33116561156445745","0.8036497294739393","77225.2","77224","77226"
"56751","0","0","0","67478","67478","67478","0.2158935832905164","0.14508122394072234","0.31200131140019405","77478.2","77477","77479","0.5488753393643954","0.3892236205850675","0.6545763432242427","77478.2","77477","77479"
"57001","0","0","0","67731","67731","67731","0.23936238435536064","0.13064624821606802","0.32086677052803664","77731.2","77730","77732","0.5802976020604292","0.4875038129144474","0.6808343000797985","77731.2","77730","77732"
"57251","0","0","0","67984","67984","67984","0.21933899089685643","0.14117937458134383","0.3055159399130117","77984.2","77983","77985","0.53670400588968","0.31438609529504224","0.7256723503284833","77984.2","77983","77985"
"57501","0","0","0","68237","68237","68237","0.25221782607134485","0.10796567343666164","0.4007611875701412","78237.2","78236","78238","0.5951549341788451","0.38371486235352115","0.7841871450570694","78237.2","78236","78238"
"57751","0","0","0","68490","68490","68490","0.2804491303130343","0.1734356238209634","0.3760087990696673","78490.2","78489","78491","0.499914931658931","0.3625748277315589","0.6015793486363903","78490.2","78489","78491"
"58001","0","0","0","68743","68743","68743","0.25696607171908414","0.18117006093056534","0.31547894494298273","78743.2","78742","78744","0.5805790893701126","0.42294980911305347","0.7057182209261196","78743.2","78742","78744"
"58251","0","0","0","68996","68996","68996","0.23656309987945892","0.16873788397085226","0.3271048369766345","78996.2","78995","78997","0.5714993681495801","0.3047268947210607","0.7354978319860591","78996.2","78995","78997"
"58501","0","0","0","69249","69249","69249","0.27389963174585963","0.13462348023456203","0.3579974151662332","79249.2","79248","79250","0.5484495280968846","0.3009498728530803","0.6984512634793597","79249.2","79248","79250"
"58751","0","0","0","69502","69502","69502","0.24907549992420303","0.12297663224042162","0.3948690617613064","79502.2","79501","79503","0.5646595725436102","0.2795185024867846","0.7145842707044752","79502.2","79501","79503"
"59001","0","0","0","69755","69755","69755","0.22096770145744374","0.139211795698955","0.3448901104606467","79755.2","79754","79756","0.57250945928297","0.3257432093381279","0.7715658847980029","79755.2","79754","79756"
"59251","0","0","0","70008","70008","70008","0.2784665206361539","0.15957855662982268","0.41414776152527555","80008.2","80007","80009","0.5799462041783582","0.327684704732987","0.7448498888905876","80008.2","80007","80009"
"59501","0","0","0","70261","70261","70261","0.23809671613893527","0.10894417568240707","0.38598441176812454","80261.2","80260","80262","0.5962040379459914","0.431531246394513","0.7529236370999796","80261.2","80260","80262"
"59751","0","0","0","70514","70514","70514","0.239325552887459","0.08579639831506422","0.4152054159222516","80514.2","80513","80515","0.5790422266634805","0.34607091015796027","0.7882315928036399","80514.2","80513","80515"
"60001","0","0","0","70767","70767","70767","0.22755692486533005","0.11993867654907989","0.31994830555813636","80767.2","80766","80768","0.5333697602859118","0.3984066768214179","0.6768237796919603","80767.2","80766","80768"
"60251","0","0","0","71020","71020","71020","0.271775241042527","0.12112465438057755","0.38983202899164027","81020.2","81019","81021","0.5025322861376853","0.29057144383466754","0.785681007160339","81020.2","81019","81021"
"60501","0","0","0","71273","71273","71273","0.18188257800515856","0.10880238375869251","0.3077787420336822","81273.2","81272","81274","0.480044634051776","0.2525796387492397","0.659426010484405","81273.2","81272","81274"
"60751","0","0","0","71526","71526","71526","0.24875061247966665","0.15998979540280606","0.35896045869461213","81526.2","81525","81527","0.6158279105351365","0.4267780175104723","0.7998818584156281","81526.2","81525","81527"
"61001","0","0","0","71779","71779","71779","0.20793095451070148","0.10410089651763257","0.32883761028256586","81779.2","81778","81780","0.4746877669801825","0.24813246475101","0.6847186182035631","81779.2","81778","81780"
"61251","0","0","0","72032","72032","72032","0.2092190072493821","0.1438963877948541","0.28477824507576327","82032.2","82031","82033","0.5230667495480338","0.37340144058123415","0.6993837756087382","82032.2","82031","82033"
"61501","0","0","0","72285","72285","72285","0.23879876697802677","0.15715940394295988","0.294803990562671","82285.2","82284","82286","0.525941854463069","0.26466601455715455","0.7904385000602392","82285.2","82284","82286"
"61751","0","0","0","72538","72538","72538","0.22879680175866463","0.12271720844922651","0.3910735703266018","82538.2","82537","82539","0.5619954829049763","0.36789659615289183","0.7486092454154075","82538.2","82537","82539"
"62001","0","0","0","72791","72791","72791","0.2449626073792913","0.16421059445004543","0.3777986010383815","82791.2","82790","82792","0.5383158230517796","0.2641688264314762","0.6878059936517825","82791.2","82790","82792"
"62251","0","0","0","73044","73044","73044","0.18887813729984596","0.12144465976137178","0.32628353570895496","83044.2","83043","83045","0.5227509225460015","0.2809288900122074","0.6696125881310125","83044.2","83043","83045"
"62501","0","0","0","73297","73297","73297","0.24657948278050731","0.12862202985984605","0.38339583074333355","83297.2","83296","83298","0.5749355173785027","0.47003184199715226","0.7481034071997096","83297.2","83296","83298"
"62751","0","0","0","73550","73550","73550","0.2606996771617508","0.14292092055745634","0.4232644985723196","83550.2","83549","83551","0.5383480566698584","0.12683862600514098","0.7892590739406607","83550.2","83549","83551"
"63001","0","0","0","73803","73803","73803","0.22677057931825254","0.1360300813117695","0.3148130152406283","83803.2","83802","83804","0.5836310977795895","0.4044269955798095","0.8054152248649388","83803.2","83802","83804"
"63251","0","0","0","74056","74056","74056","0.23885117845317483","0.10673616022478805","0.473935809421089","84056.2","84055","84057","0.616625786105668","0.5020385841247039","0.7475260518736015","84056.2","84055","84057"
"63501","0","0","0","74309","74309","74309","0.2503270359702621","0.21188805161023888","0.30256582550439337","84309.2","84308","84310","0.562228861410677","0.4068913576934444","0.7089176141586067","84309.2","84308","84310"
"63751","0","0","0","74562","74562","74562","0.26321656618305894","0.13492890858044948","0.41640977260321954","84562.2","84561","84563","0.5523505191401876","0.35996393731503656","0.7912948789114889","84562.2","84561","84563"
"64001","0","0","0","74815","74815","74815","0.21092419569849635","0.14240237376955966","0.36576804670621843","84815.2","84814","84816","0.5516673462058267","0.19265317779801575","0.7401200573328439","84815.2","84814","84816"
"64251","0","0","0","75068","75068","75068","0.274957148083967","0.21258347672187786","0.3518344947088211","85068.2","85067","85069","0.5913233832259672","0.46277137518489847","0.84370833574974","85068.2","85067","85069"
"64501","0","0","0","75321","75321","75321","0.21860888335886103","0.10457121102213118","0.2949808286935358","85321.2","85320","85322","0.5571403625817369","0.4662927657670064","0.6698854695557415","85321.2","85320","85322"
"64751","0","0","0","75574","75574","75574","0.26267437084071943","0.15101701033077305","0.3193360871330241","85574.2","85573","85575","0.607810920677097","0.4822711763794885","0.8110598448006476","85574.2","85573","85575"
"65001","0","0","0","75827","75827","75827","0.2516046784857554","0.10687430221606649","0.36215411602823516","85827.2","85826","85828","0.589501285197574","0.47725937254607304","0.7127512744458919","85827.2","85826","85828"
"65251","0","0","0","76080","76080","76080","0.2203428718781578","0.111763840483011","0.3580228366342727","86080.2","86079","86081","0.5457384944359365","0.20929300982947058","0.7570695543687622","86080.2","86079","86081"
"65501","0","0","0","76333","76333","76333","0.2530520120874482","0.0750649736834749","0.44148696312855645","86333.2","86332","86334","0.5210765294783152","0.3107144145875887","0.6884627302291182","86333.2","86332","86334"
"65751","0","0","0","76586","76586","76586","0.2343973361765504","0.13183376150837076","0.3477951498889224","86586.2","86585","86587","0.5633350910455361","0.4517116016455465","0.7262184871676548","86586.2","86585","86587"
"66001","0","0","0","76839","76839","76839","0.22941028695505716","0.14077329088861806","0.3618585079947652","86839.2","86838","86840","0.581300212311553","0.37990397340040866","0.7657036873701946","86839.2","86838","86840"
"66251","0","0","0","77092","77092","77092","0.20561125876007885","0.13474644025598545","0.31645004720620173","87092.2","87091","87093","0.5822250290414794","0.37586533059627003","0.8406878648861875","87092.2","87091","87093"
"66501","0","0","0","77345","77345","77345","0.2637550249594188","0.17006496712422653","0.3586241652119148","87345.2","87344","87346","0.5589287861459542","0.2749597907982878","0.7551750780163822","87345.2","87344","87346"
"66751","0","0","0","77598","77598","77598","0.24949033610917892","0.15046774801067384","0.31214428033430003","87598.2","87597","87599","0.4561906253259518","0.19741954067356088","0.6896831881543267","87598.2","87597","87599"
"67001","0","0","0","77851","77851","77851","0.23442630996758768","0.17762442531728126","0.33703166495032605","87851.2","87850","87852","0.608907490113299","0.2692422400543149","0.8178163675850891","87851.2","87850","87852"
"67251","0","0","0","78104","78104","78104","0.25561598929955787","0.14115912112800108","0.3553763349740726","88104.2","88103","88105","0.5147768277758036","0.13700108923344367","0.6734592101583636","88104.2","88103","88105"
"67501","0","0","0","78357","78357","78357","0.23035531007704674","0.12445385364009327","0.4046442330657277","88357.2","88356","88358","0.562922025930936","0.3958660718243243","0.7276692687901838","88357.2","88356","88358"
"67751","0","0","0","78610","78610","78610","0.22570832191212808","0.11604311548013051","0.34017883773257823","88610.2","88609","88611","0.6110000314348266","0.4040226715338527","0.7939998955330152","88610.2","88609","88611"
"68001","0","0","0","78863","78863","78863","0.24101265808342145","0.19100439536120228","0.2910338897191508","88863.2","88862","88864","0.5000835754836537","0.21603853393941677","0.677859001628017","88863.2","88862","88864"
"68251","0","0","0","79116","79116","79116","0.2148978442197973","0.10141091890554008","0.3185297570110802","89116.2","89115","89117","0.567323058722291","0.4031659873835588","0.7705437931519541","89116.2","89115","89117"
"68501","0","0","0","79369","79369","79369","0.2501012067357189","0.17822872715261254","0.38262376188778313","89369.2","89368","89370","0.595860183749359","0.30677576027102077","0.8137857354936878","89369.2","89368","89370"
"68751","0","0","0","79622","79622","79622","0.23406742620857884","0.11627870914721561","0.30338473072023764","89622.2","89621","89623","0.5215908055700038","0.3307501643038058","0.6769526550100262","89622.2","89621","89623"
"69001","0","0","0","79875","79875","79875","0.28951169569212415","0.15435904140434437","0.406146092755005","89875.2","89874","89876","0.5477708586226371","0.288764027536919","0.6996489230719044","89875.2","89874","89876"
"69251","0","0","0","80128","80128","80128","0.23233569183591118","0.12245920905142622","0.3208729283275096","90128.2","90127","90129","0.5694355263493966","0.3744434294795935","0.6326697695449746","90128.2","90127","90129"
"69501","0","0","0","80381","80381","80381","0.24932553093167073","0.13771608138456284","0.39252839161271436","90381.2","90380","90382","0.6097610424657447","0.32959515676455564","0.8530808764756579","90381.2","90380","90382"
"69751","0","0","0","80634","80634","80634","0.2540826111845126","0.13852089724564579","0.428651521359257","90634.2","90633","90635","0.5954113525547797","0.42795298408382026","0.7270287754407165","90634.2","90633","90635"
"70001","0","0","0","80887","80887","80887","0.2613375522905262","0.12304075536403898","0.373637157407437","90887.2","90886","90888","0.5819205893891018","0.16496876976245578","0.8294557592275182","90887.2","90886","90888"
"70251","0","0","0","81140","81140","81140","0.18430332587921755","0.10172184630916832","0.24931362465484513","91140.2","91139","91141","0.6005599790571807","0.3979338337645199","0.7099023500107856","91140.2","91139","91141"
"70501","0","0","0","81393","81393","81393","0.2272272402546894","0.1128980160456197","0.3893488681268014","91393.2","91392","91394","0.5627790511446621","0.4256285802862432","0.7331612755006702","91393.2","91392","91394"
"70751","0","0","0","81646","81646","81646","0.22160659647679043","0.15647785163379815","0.29662298680441107","91646.2","91645","91647","0.6369355599640346","0.39238960074165374","0.7795682292305303","91646.2","91645","91647"
"71001","0","0","0","81899","81899","81899","0.2269077946091927","0.1169165241560012","0.3677477502973777","91899.2","91898","91900","0.6051078366187312","0.46020672780429733","0.7644846167472883","91899.2","91898","91900"
"71251","0","0","0","82152","82152","82152","0.22293602525311013","0.10811686441250186","0.3351715923602982","92152.2","92151","92153","0.5224490596820439","0.37967769811325036","0.7203420058930836","92152.2","92151","92153"
"71501","0","0","0","82405","82405","82405","0.2369409942201381","0.14247853018396395","0.35485784950764343","92405.2","92404","92406","0.5806496191822312","0.3353866455284284","0.783197524458034","92405.2","92404","92406"
"71751","0","0","0","82658","82658","82658","0.2095568193336866","0.12414800415114031","0.3836125756585763","92658.2","92657","92659","0.5718096867711684","0.3939880840383635","0.7950863999712607","92658.2","92657","92659"
"72001","0","0","0","82911","82911","82911","0.2953165348319512","0.11375669206296805","0.4816057511604834","92911.2","92910","92912","0.5287588486310408","0.3830392619358912","0.7362506349799767","92911.2","92910","92912"
"72251","0","0","0","83164","83164","83164","0.26259544599424545","0.1791590546010184","0.3384136349384794","93164.2","93163","93165","0.5991211417126608","0.40637963157416135","0.734731523847792","93164.2","93163","93165"
"72501","0","0","0","83417","83417","83417","0.2538527873295317","0.12251848379781789","0.4253791399508525","93417.2","93416","93418","0.4767620123237748","0.20305549645674842","0.6603067708562744","93417.2","93416","93418"
"72751","0","0","0","83670","83670","83670","0.23437153971950045","0.17287960284288406","0.34918590005808825","93670.2","93669","93671","0.6162404728698582","0.430318988137261","0.8024070621079646","93670.2","93669","93671"
"73001","0","0","0","83923","83923","83923","0.23525350048568705","0.19721687581869993","0.3315858942215256","93923.2","93922","93924","0.6261836032101298","0.47152494686562374","0.7878967721557173","93923.2","93922","93924"
"73251","0","0","0","84176","84176","84176","0.21525970763831034","0.12446111112552564","0.3155760579788023","94176.2","94175","94177","0.6035363697264561","0.31159593085875825","0.7636352931094613","94176.2","94175","94177"
"73501","0","0","0","84429","84429","84429","0.2521164481012058","0.19079655272525056","0.3064649281215422","94429.2","94428","94430","0.5716563057563853","0.35141484602009493","0.7972959762438432","94429.2","94428","94430"
"73751","0","0","0","84682","84682","84682","0.22743663982036208","0.07776509522078065","0.3007145477651557","94682.2","94681","94683","0.6292534505668156","0.5062750815082764","0.7764905226898818","94682.2","94681","94683"
"74001","0","0","0","84935","84935","84935","0.2328893558029416","0.16749067638283935","0.31873338621495095","94935.2","94934","94936","0.5499437552692988","0.3389562767011798","0.6852885136761623","94935.2","94934","94936"
"74251","0","0","0","85188","85188","85188","0.2404912468189011","0.12664104938658624","0.34692399724035416","95188.2","95187","95189","0.571663348660881","0.39973903532722355","0.7424932541645085","95188.2","95187","95189"
"74501","0","0","0","85441","85441","85441","0.2451901932577946","0.1408837762315643","0.40594293283453287","95441.2","95440","95442","0.5914657176413425","0.3748179366263566","0.7324037501797463","95441.2","95440","95442"
"74751","0","0","0","85694","85694","85694","0.23195078338254368","0.12456025736935657","0.34618608072904433","95694.2","95693","95695","0.6462928900996363","0.4654909099378811","0.7931602936439826","95694.2","95693","95695"
"75001","0","0","0","85947","85947","85947","0.2011351944852587","0.14839998087077974","0.28634463264494603","95947.2","95946","95948","0.5617370118892766","0.2558138750207002","0.7562314710493967","95947.2","95946","95948"
"75251","0","0","0","86200","86200","86200","0.24985956003554355","0.10226735434295584","0.36616765211105584","96200.2","96199","96201","0.5409534141875093","0.3274800598160677","0.752183021028017","96200.2","96199","96201"
"75501","0","0","0","86453","86453","86453","0.23769360092654593","0.18225433717542966","0.30448892965501306","96453.2","96452","96454","0.6477583827920241","0.4155016699138324","0.7879631043731401","96453.2","96452","96454"
"75751","0","0","0","86706","86706","86706","0.28678070882283657","0.167716157605411","0.39948794898142875","96706.2","96705","96707","0.5691624320168561","0.30624214026539665","0.7064899741290475","96706.2","96705","96707"
"76001","0","0","0","86959","86959","86959","0.22788088440419463","0.15401261210061395","0.2863836897751971","96959.2","96958","96960","0.48441612500521847","0.10098383335250258","0.7359706276634742","96959.2","96958","96960"
"76251","0","0","0","87212","87212","87212","0.2445031395678007","0.12622749131698638","0.35108124340398206","97212.2","97211","97213","0.5756602403827413","0.3134703697265767","0.8103164930563596","97212.2","97211","97213"
"76501","0","0","0","87465","87465","87465","0.2101228577878763","0.11299924625325974","0.37186248411638984","97465.2","97464","97466","0.6246973743724691","0.45787330110329805","0.8077821795313073","97465.2","97464","97466"
"76751","0","0","0","87718","87718","87718","0.2244420274692874","0.10689267247610208","0.3448155056879637","97718.2","97717","97719","0.564352553102414","0.30973331243903585","0.797001463221201","97718.2","97717","97719"
"77001","0","0","0","87971","87971","87971","0.22418611328670837","0.1036460670654884","0.44954509678316035","97971.2","97970","97972","0.5663163358724044","0.33019270806873163","0.7541853871741125","97971.2","97970","97972"
"77251","0","0","0","88224","88224","88224","0.22589520140524116","0.11363800593076992","0.3689887707351473","98224.2","98223","98225","0.5153703088085544","0.15318558714676858","0.846013114576819","98224.2","98223","98225"
"77501","0","0","0","88477","88477","88477","0.21148401058327373","0.12611853207835647","0.2792976280905705","98477.2","98476","98478","0.5886793825080608","0.3928470964178533","0.6890874759376977","98477.2","98476","98478"
"77751","0","0","0","88730","88730","88730","0.22480981148990797","0.09341547430244221","0.4424372533530871","98730.2","98729","98731","0.5942543865781776","0.3197989723079774","0.7982497894804712","98730.2","98729","98731"
"78001","0","0","0","88983","88983","88983","0.24884865901478753","0.15532252921616826","0.49010947592069665","98983.2","98982","98984","0.5644319773403699","0.3594471826611946","0.7970863171777557","98983.2","98982","98984"
"78251","0","0","0","89236","89236","89236","0.20593963141558186","0.12501484855753447","0.28587762441774134","99236.2","99235","99237","0.5539062595294488","0.30319838906648533","0.7926532689562785","99236.2","99235","99237"
"78501","0","0","0","89489","89489","89489","0.2472450195322038","0.11259600494050567","0.3324113378465082","99489.2","99488","99490","0.4858289282330567","0.186694519156747","0.7148701154405078","99489.2","99488","99490"
"78751","0","0","0","89742","89742","89742","0.23528837168281452","0.12994893978654307","0.3132025354047301","99742.2","99741","99743","0.575103191855214","0.3324982127879068","0.8179197324045676","99742.2","99741","99743"
"79001","0","0","0","89995","89995","89995","0.2632126755964479","0.14202001003094503","0.44805897127924393","99995.2","99994","99996","0.5564140586830701","0.259115607660102","0.7580577320253408","99995.2","99994","99996"
"79251","0","0","0","90248","90248","90248","0.2339295156911967","0.11776538812907755","0.4040681554525471","100248.2","100247","100249","0.5416214426343664","0.31161795171431383","0.7136162490455931","100248.2","100247","100249"
"79501","0","0","0","90501","90501","90501","0.22427753882207496","0.16174927220577617","0.31286273094319406","100501.2","100500","100502","0.5609817132198665","0.34823396662820844","0.7749046889191048","100501.2","100500","100502"
"79751","0","0","0","90754","90754","90754","0.2397584599320191","0.16404576954083486","0.3212471474070645","100754.2","100753","100755","0.6124318735577973","0.4333679628168466","0.7541056732316757","100754.2","100753","100755"
"80001","0","0","0","91007","91007","91007","0.22417129098647753","0.10580499616274933","0.3169953833550346","101007.2","101006","101008","0.5642963369755385","0.4252506402916116","0.7307483801659597","101007.2","101006","101008"
"80251","0","0","0","91260","91260","91260","0.21841217296781007","0.10733269505294112","0.34769464044024323","101260.2","101259","101261","0.5910675548025507","0.4339760896117504","0.7990589811996305","101260.2","101259","101261"
"80501","0","0","0","91513","91513","91513","0.22447322582572996","0.1503743601344802","0.30360357631388196","101513.2","101512","101514","0.5846490029918612","0.41820809838399653","0.7696844212779814","101513.2","101512","101514"
"80751","0","0","0","91766","91766","91766","0.24642060960777395","0.11040273677326655","0.3919556018242048","101766.2","101765","101767","0.5426687794689162","0.4764889326505809","0.7290903078547813","101766.2","101765","101767"
"81001","0","0","0","92019","92019","92019","0.25915189657723825","0.15785044834344916","0.4200369165616712","102019.2","102018","102020","0.5674932096341616","0.2006243593881758","0.8576237902907359","102019.2","102018","102020"
"81251","0","0","0","92272","92272","92272","0.24568649778781598","0.11028240141060505","0.31780962101442556","102272.2","102271","102273","0.5287085917185949","0.213301655409487","0.7612934022639953","102272.2","102271","102273"
"81501","0","0","0","92525","92525","92525","0.26062710337848155","0.15916767305250584","0.40597721988787994","102525.2","102524","102526","0.5769681954171151","0.42219835323803945","0.7780506859428052","102525.2","102524","102526"
"81751","0","0","0","92778","92778","92778","0.2357204686904834","0.1775818334362051","0.36637493220093487","102778.2","102777","102779","0.5416601710410818","0.20529241781037327","0.748688519010008","102778.2","102777","102779"
"82001","0","0","0","93031","93031","93031","0.2737041155175487","0.13678680076343364","0.40834150826930193","103031.2","103030","103032","0.4654805739920039","0.10688071336914376","0.6692196388385157","103031.2","103030","103032"
"82251","0","0","0","93284","93284","93284","0.229781350270382","0.13150383707342342","0.33745345762381407","103284.2","103283","103285","0.49572111769705945","0.2208164193430806","0.7272634965443524","103284.2","103283","103285"
"82501","0","0","0","93537","93537","93537","0.2431918471198095","0.1839221839804257","0.3411091175141697","103537.2","103536","103538","0.5501187034915065","0.1541914935892112","0.8296423105262847","103537.2","103536","103538"
"82751","0","0","0","93790","93790","93790","0.2602956495224005","0.12899914046332683","0.4056664575887473","103790.2","103789","103791","0.5662497834547678","0.34854131994888154","0.8019671931960701","103790.2","103789","103791"
"83001","0","0","0","94043","94043","94043","0.2642901375752359","0.16577043526474772","0.429671970643206","104043.2","104042","104044","0.5419034187033887","0.3973124480362382","0.7789137130109822","104043.2","104042","104044"
"83251","0","0","0","94296","94296","94296","0.196151996232024","0.09458183437244869","0.338347499150064","104296.2","104295","104297","0.5604839595935192","0.36956649280936754","0.7802255993332063","104296.2","104295","104297"
"83501","0","0","0","94549","94549","94549","0.25476301955160874","0.1524826078432907","0.5069922693692541","104549.2","104548","104550","0.5266336385442243","0.20093692980522934","0.7816010052152491","104549.2","104548","104550"
"83751","0","0","0","94802","94802","94802","0.2319238900014205","0.20408093935163482","0.2780148506284235","104802.2","104801","104803","0.5928070636603917","0.3016327549000955","0.7622378382053545","104802.2","104801","104803"
"84001","0","0","0","95055","95055","95055","0.22843326652957496","0.06804174456668598","0.3493994835738584","105055.2","105054","105056","0.5925302521518085","0.44388762518127994","0.8347659576463359","105055.2","105054","105056"
"84251","0","0","0","95308","95308","95308","0.23317210629674207","0.11102825636427685","0.3444284904844783","105308.2","105307","105309","0.5888337380521587","0.37698952939465946","0.7465376739125061","105308.2","105307","105309"
"84501","0","0","0","95561","95561","95561","0.22910030906047107","0.14401428525341037","0.3313389906837004","105561.2","105560","105562","0.5444667780039109","0.31956607405190196","0.7350789887610782","105561.2","105560","105562"
"84751","0","0","0","95814","95814","95814","0.24583482602494472","0.11068973508148847","0.3640143804501153","105814.2","105813","105815","0.5883047199999423","0.3733442594067406","0.8020053426145417","105814.2","105813","105815"
"85001","0","0","0","96067","96067","96067","0.22648886541361338","0.11270148940292372","0.4106249992594605","106067.2","106066","106068","0.5636909648220525","0.2761064633411641","0.7619544180041627","106067.2","106066","106068"
"85251","0","0","0","96320","96320","96320","0.24198104673455342","0.1311865669443284","0.35987413922129524","106320.2","106319","106321","0.5694293415446515","0.16756481878658344","0.7234467049154676","106320.2","106319","106321"
"85501","0","0","0","96573","96573","96573","0.18889173121180644","0.1381247150750179","0.25472508281890993","106573.2","106572","106574","0.6077467503240163","0.3307968169054769","0.7723323809999186","106573.2","106572","106574"
"85751","0","0","0","96826","96826","96826","0.2886635990678767","0.21715238764242328","0.40153379673431766","106826.2","106825","106827","0.5450212066316494","0.35417481683956453","0.768094074964573","106826.2","106825","106827"
"86001","0","0","0","97079","97079","97079","0.2640244201585194","0.12992045106487068","0.39126778649695504","107079.2","107078","107080","0.5929944181691161","0.3436555024907649","0.7770782124106617","107079.2","107078","107080"
"86251","0","0","0","97332","97332","97332","0.24050926407993253","0.14481047499431665","0.4163484056636168","107332.2","107331","107333","0.5501570260944495","0.3950435229619866","0.7503974492804334","107332.2","107331","107333"
"86501","0","0","0","97585","97585","97585","0.262372255754279","0.09300806751036292","0.3482129112792302","107585.2","107584","107586","0.602216542917418","0.3889424280699478","0.7211942409305326","107585.2","107584","107586"
"86751","0","0","0","97838","97838","97838","0.18172695342934614","0.13830995698597076","0.25846324509651025","107838.2","107837","107839","0.5324107101399452","0.3256799223034695","0.7072205996882304","107838.2","107837","107839"
"87001","0","0","0","98091","98091","98091","0.21089139836416","0.12087305594658357","0.35819580527083617","108091.2","108090","108092","0.5645451326957662","0.44077570801564026","0.7029545029421124","108091.2","108090","108092"
"87251","0","0","0","98344","98344","98344","0.22632435354706376","0.14490374128728697","0.3961329002650614","108344.2","108343","108345","0.5991488228394226","0.47397469441017764","0.8156068135841984","108344.2","108343","108345"
"87501","0","0","0","98597","98597","98597","0.1990577532932935","0.04743021095690737","0.3251966510410533","108597.2","108596","108598","0.5823713920871307","0.3450867953529274","0.7278189812504735","108597.2","108596","108598"
"87751","0","0","0","98850","98850","98850","0.2231059135464959","0.11235234426807199","0.4031968908583271","108850.2","108849","108851","0.5493714822202709","0.3535583403631204","0.7157437496824485","108850.2","108849","108851"
"88001","0","0","0","99103","99103","99103","0.2593829209294065","0.10481014693675564","0.40236612088583","109103.2","109102","109104","0.5993835512168677","0.40836696939666206","0.7765219432335695","109103.2","109102","109104"
"88251","0","0","0","99356","99356","99356","0.25096410546506037","0.14242626837756306","0.3692874898362327","109356.2","109355","109357","0.5634198165674013","0.39490681102766195","0.7081312656961961","109356.2","109355","109357"
"88501","0","0","0","99609","99609","99609","0.21951904649086992","0.10293123293023088","0.4164350478385897","109609.2","109608","109610","0.6110401640956071","0.5002393763170085","0.798602282823262","109609.2","109608","109610"
"88751","0","0","0","99862","99862","99862","0.2441480235455848","0.12437471676981886","0.4315807310350374","109862.2","109861","109863","0.5999199738579126","0.41265917079937553","0.7187645983170687","109862.2","109861","109863"
"89001","0","0","0","100115","100115","100115","0.22488106672396518","0.13580640902361701","0.3866007047192142","110115.2","110114","110116","0.6131959133909701","0.46219677708836365","0.8202975221262628","110115.2","110114","110116"
"89251","0","0","0","100368","100368","100368","0.22938896574896667","0.12642137486857943","0.34271777751714316","110368.2","110367","110369","0.498484859022896","0.1740926550483823","0.6628594527793645","110368.2","110367","110369"
"89501","0","0","0","100621","100621","100621","0.2532539429220821","0.13221313858278452","0.3766167176851918","110621.2","110620","110622","0.5839983556597502","0.37046151037523434","0.824311482038949","110621.2","110620","110622"
"89751","0","0","0","100874","100874","100874","0.21530769935318622","0.1706407522087507","0.3358785485724775","110874.2","110873","110875","0.5804246702799074","0.47857092266465334","0.6474176016711131","110874.2","110873","110875"
"90001","0","0","0","101127","101127","101127","0.23379455497335","0.13465385473905775","0.34144089039213804","111127.2","111126","111128","0.5975260153612789","0.425412633322895","0.7883126494156769","111127.2","111126","111128"
"90251","0","0","0","101380","101380","101380","0.25390841520744195","0.1573346413788774","0.4055982139157946","111380.2","111379","111381","0.5522270809281628","0.4146717297100581","0.7026253085650497","111380.2","111379","111381"
"90501","0","0","0","101633","101633","101633","0.24112701890354188","0.13319895563402523","0.39145140652503035","111633.2","111632","111634","0.6582337743510118","0.5575064421542115","0.8161228738779144","111633.2","111632","111634"
"90751","0","0","0","101886","101886","101886","0.2560975574798038","0.1700281001850129","0.39224309505476035","111886.2","111885","111887","0.585209149254241","0.39590817145442275","0.7344675830053309","111886.2","111885","111887"
"91001","0","0","0","102139","102139","102139","0.2659348917691437","0.11994051844660569","0.38987267700264244","112139.2","112138","112140","0.4907314808568799","0.3955241500937781","0.6433748620375563","112139.2","112138","112140"
"91251","0","0","0","102392","102392","102392","0.2068591400538354","0.11794509658586061","0.30818330572761327","112392.2","112391","112393","0.6207048471923698","0.3963346415176078","0.8796233986945159","112392.2","112391","112393"
"91501","0","0","0","102645","102645","102645","0.2699105496992154","0.19321075609573307","0.40482577256466656","112645.2","112644","112646","0.6052483764523651","0.3873604885173535","0.8408787204296824","112645.2","112644","112646"
"91751","0","0","0","102898","102898","102898","0.22087228711453263","0.08834974583529477","0.31266801072091144","112898.2","112897","112899","0.5689443965588434","0.10347402008146944","0.7280234138895134","112898.2","112897","112899"
"92001","0","0","0","103151","103151","103151","0.2708523092255756","0.16139958785282765","0.48179401275421796","113151.2","113150","113152","0.5693766603990997","0.3166432332763743","0.8177508766010316","113151.2","113150","113152"
"92251","0","0","0","103404","103404","103404","0.2506435647768881","0.11408518471908886","0.40338222544338737","113404.2","113403","113405","0.5878882892525139","0.32249410611221174","0.8215756083224195","113404.2","113403","113405"
"92501","0","0","0","103657","103657","103657","0.2297592072217598","0.11313602701667187","0.35482676478367436","113657.2","113656","113658","0.5180411642977163","0.21797249523341633","0.7528761341092907","113657.2","113656","113658"
"92751","0","0","0","103910","103910","103910","0.20089496772383458","0.06946304980875778","0.274699963376398","113910.2","113909","113911","0.6089498157384077","0.52055147124389","0.6879013173180277","113910.2","113909","113911"
"93001","0","0","0","104163","104163","104163","0.22090963149712595","0.13847348564052636","0.376982222836748","114163.2","114162","114164","0.5712702635111758","0.511625652137854","0.7394423851996528","114163.2","114162","114164"
"93251","0","0","0","104416","104416","104416","0.24731615925346437","0.11319036656919035","0.3444284371922929","114416.2","114415","114417","0.5920179451883045","0.3292966516120964","0.8109232710906845","114416.2","114415","114417"
"93501","0","0","0","104669","104669","104669","0.2403179831206197","0.1119559039484768","0.44437608392625627","114669.2","114668","114670","0.5548126736264535","0.4846694087298923","0.695902585634745","114669.2","114668","114670"
"93751","0","0","0","104922","104922","104922","0.23942416363403934","0.14730067805124403","0.36402174862485703","114922.2","114921","114923","0.5725140009241844","0.2770638912860348","0.7696018826019209","114922.2","114921","114923"
"94001","0","0","0","105175","105175","105175","0.2243251595553756","0.13381987844394444","0.36028735871212486","115175.2","115174","115176","0.6400087719079607","0.5372913922543019","0.7497420735064051","115175.2","115174","115176"
"94251","0","0","0","105428","105428","105428","0.2365973963913711","0.14081679112556778","0.39312636944011625","115428.2","115427","115429","0.5108979437991259","0.18696555670497156","0.7111942115781826","115428.2","115427","115429"
"94501","0","0","0","105681","105681","105681","0.24584377628890253","0.11476034723525405","0.37281034579293193","115681.2","115680","115682","0.6182292832111005","0.3878022294590922","0.7482654360281542","115681.2","115680","115682"
"94751","0","0","0","105934","105934","105934","0.24546196811649362","0.13569228669449207","0.3499479160637123","115934.2","115933","115935","0.5877242977133197","0.3816914405349781","0.836242523524499","115934.2","115933","115935"
"95001","0","0","0","106187","106187","106187","0.2855503229629603","0.19709213609893877","0.38092330393296975","116187.2","116186","116188","0.5429959842768788","0.34923440216448354","0.6854705199052626","116187.2","116186","116188"
"95251","0","0","0","106440","106440","106440","0.23319680787925692","0.11264229515831112","0.3910389528982378","116440.2","116439","116441","0.5612451862520977","0.31280944825577406","0.7962340946591173","116440.2","116439","116441"
"95501","0","0","0","106693","106693","106693","0.2377463242094393","0.11134799392321118","0.3777785554653125","116693.2","116692","116694","0.5884967774488784","0.3850375232788936","0.7586707065849767","116693.2","116692","116694"
"95751","0","0","0","106946","106946","106946","0.24725863719474567","0.1368050392129221","0.33969423871393944","116946.2","116945","116947","0.6055972105294889","0.4423967882013303","0.8157954467457694","116946.2","116945","116947"
"96001","0","0","0","107199","107199","107199","0.22462246778805448","0.03623777024725014","0.3138484778162685","117199.2","117198","117200","0.5879956421177767","0.32833314700711724","0.8190292598254743","117199.2","117198","117200"
"96251","0","0","0","107452","107452","107452","0.24923274504654636","0.1728579971914725","0.34871839071033034","117452.2","117451","117453","0.5901500640193867","0.356768210652376","0.8245948243247762","117452.2","117451","117453"
"96501","0","0","0","107705","107705","107705","0.2583779416465339","0.15654966604117798","0.3905530594352727","117705.2","117704","117706","0.5581097064107899","0.3831180682787368","0.7295935182138974","117705.2","117704","117706"
"96751","0","0","0","107958","107958","107958","0.25034527537222284","0.11082442870684414","0.4354874794996002","117958.2","117957","117959","0.5052152968574106","0.2725717734403293","0.7559343371815059","117958.2","117957","117959"
"97001","0","0","0","108211","108211","108211","0.2535411959754389","0.19095912481294502","0.4033700549058408","118211.2","118210","118212","0.5440246776478179","0.3065906397199686","0.6975059006706614","118211.2","118210","118212"
"97251","0","0","0","108464","108464","108464","0.2111252860675575","0.12630410004027665","0.33646081947242373","118464.2","118463","118465","0.5869642606031282","0.41537623594310286","0.8482917754164111","118464.2","118463","118465"
"97501","0","0","0","108717","108717","108717","0.2871045347888414","0.11128563897221781","0.4178342165124323","118717.2","118716","118718","0.5406467109095988","0.37831601989676483","0.675929059934914","118717.2","118716","118718"
"97751","0","0","0","108970","108970","108970","0.2540962529375731","0.13874149099719746","0.3444323094556498","118970.2","118969","118971","0.6266190836479202","0.45290739453318435","0.8354487071640282","118970.2","118969","118971"
"98001","0","0","0","109223","109223","109223","0.30558523442519836","0.12133767929447978","0.47480112847222056","119223.2","119222","119224","0.5877204550232549","0.5182580972880605","0.7692864419024175","119223.2","119222","119224"
"98251","0","0","0","109476","109476","109476","0.24956026045406493","0.15249331103224206","0.38888520113683794","119476.2","119475","119477","0.5254968035985841","0.3373096566313707","0.7507803374321287","119476.2","119475","119477"
"98501","0","0","0","109729","109729","109729","0.23714969456348411","0.1394936290036289","0.314899418285265","119729.2","119728","119730","0.5787545984063536","0.3914366054919189","0.8085042785314445","119729.2","119728","119730"
"98751","0","0","0","109982","109982","109982","0.21426126450150806","0.10404506676005468","0.3207301074788987","119982.2","119981","119983","0.6550389278263514","0.5608661917174841","0.7633494409814268","119982.2","119981","119983"
"99001","0","0","0","110235","110235","110235","0.2060316775736725","0.1006122910726549","0.4047479083509648","120235.2","120234","120236","0.5667759405945014","0.27901057139005303","0.8105676504036594","120235.2","120234","120236"
"99251","0","0","0","110488","110488","110488","0.23668260547686937","0.1072897511447275","0.3287179689828208","120488.2","120487","120489","0.4885246945362177","0.24134018531136872","0.7193257264872547","120488.2","120487","120489"
"99501","0","0","0","110741","110741","110741","0.2661065738447515","0.1463095175560462","0.3713236034781383","120741.2","120740","120742","0.47848605702686714","0.259609412449572","0.7282189424900221","120741.2","120740","120742"
"99751","0","0","0","110994","110994","110994","0.26222910393413784","0.11205525736395656","0.4324223553897132","120994.2","120993","120995","0.605551652479122","0.47775885904322823","0.7946852164430516","120994.2","120993","120995"
"100001","0","0","0","111247","111247","111247","0.2827805663099534","0.10877842416915376","0.4226951578704517","121247.2","121246","121248","0.5560545639176938","0.4122874976803076","0.7690700220414938","121247.2","121246","121248"