"stage2/step","Group: VaDE_Simple_cauchy - stage2/mcc_pearson","Group: VaDE_Simple_cauchy - stage2/mcc_pearson__MIN","Group: VaDE_Simple_cauchy - stage2/mcc_pearson__MAX","Group: VaDE_Simple_cauchy - _step","Group: VaDE_Simple_cauchy - _step__MIN","Group: VaDE_Simple_cauchy - _step__MAX","Group: Danru_Simple_cauchy - stage2/mcc_pearson","Group: Danru_Simple_cauchy - stage2/mcc_pearson__MIN","Group: Danru_Simple_cauchy - stage2/mcc_pearson__MAX","Group: Danru_Simple_cauchy - _step","Group: Danru_Simple_cauchy - _step__MIN","Group: Danru_Simple_cauchy - _step__MAX","Group: Ours_Simple_cauchy - stage2/mcc_pearson","Group: Ours_Simple_cauchy - stage2/mcc_pearson__MIN","Group: Ours_Simple_cauchy - stage2/mcc_pearson__MAX","Group: Ours_Simple_cauchy - _step","Group: Ours_Simple_cauchy - _step__MIN","Group: Ours_Simple_cauchy - _step__MAX"
"1","0.33718708194789226","0.09132129365231606","0.4459579963303198","10047","10047","10047","0.44794572727438675","0.11788255350056054","0.6499771773145765","20048","20048","20048","0.5817681519369157","0.34631303518543066","0.8689518864731891","20048","20048","20048"
"251","0.3671659241991089","0.217640735327885","0.5212984940199927","10300","10300","10300","0.39641209651640935","0.2053856228791878","0.6687556471050436","20301","20301","20301","0.562917685116028","0.3337101070031426","0.6834322364815427","20301","20301","20301"
"501","0.32651705076457455","0","0.48640702854525547","10553","10553","10553","0.3330582529463847","0.1969502463485933","0.5243103014861051","20554","20554","20554","0.6541775652671026","0.5230916345357131","0.8627721690582052","20554","20554","20554"
"751","0.2571168723101786","0","0.49100812613220307","10806","10806","10806","0.3756555262748559","0.20034367430892927","0.5223108088257801","20807","20807","20807","0.6026405026360128","0.48922650884871927","0.6791700063061737","20807","20807","20807"
"1001","0.26354871674232744","0","0.4475367260036411","11059","11059","11059","0.3390077016575901","0.11291006842129947","0.5805675578962681","21060","21060","21060","0.5872400092945833","0.3719849845822794","0.7476334631155545","21060","21060","21060"
"1251","0.23834980631933456","0","0.5354206263215348","11312","11312","11312","0.36716081739855944","0.2640632902923689","0.5461352704269303","21313","21313","21313","0.6260333078070175","0.3849798412862606","0.8182150657993538","21313","21313","21313"
"1501","0.26514866227038186","0","0.48958940286665453","11565","11565","11565","0.31698522636286147","0.12434274101198477","0.46486517252985093","21566","21566","21566","0.6607434733910356","0.3447523568050466","0.9149949659914981","21566","21566","21566"
"1751","0.3076038655219703","0","0.5676680940969829","11818","11818","11818","0.34180608074620794","0.1321208472698714","0.5792768112282167","21819","21819","21819","0.6437735618465162","0.40506253972852085","0.9419401146750136","21819","21819","21819"
"2001","0.25515470603375634","0","0.47658753710179874","12071","12071","12071","0.3886838608519917","0.19660452626772673","0.5042159292274792","22072","22072","22072","0.6573319277511952","0.3916035856732288","0.9202164243388712","22072","22072","22072"
"2251","0.20727356667850164","0","0.49759162271696195","12324","12324","12324","0.39502537594738707","0.08421178629399494","0.5996206577150555","22325","22325","22325","0.6835629701968463","0.4310288932057605","0.9736016577938521","22325","22325","22325"
"2501","0.20273031802499836","0","0.4782278017530826","12577","12577","12577","0.43186248406967387","0.275553578880638","0.5569900027918623","22578","22578","22578","0.6781460364443154","0.5423424072805426","0.8526915337809449","22578","22578","22578"
"2751","0.21131331404271986","0","0.45700845670935086","12830","12830","12830","0.36645578615535807","0.07540622898826106","0.5331078749488654","22831","22831","22831","0.6380619489938486","0.4316243632496664","0.7961358727120177","22831","22831","22831"
"3001","0.18269548280786332","0","0.4164141910040538","13083","13083","13083","0.41934094283683576","0.29287724774228574","0.6242441109915993","23084","23084","23084","0.6376652788923897","0.43030481991589503","0.9230398212561308","23084","23084","23084"
"3251","0.17275500810267308","0","0.4720540174199528","13336","13336","13336","0.4291627022461575","0.31669312687685813","0.5767652228790355","23337","23337","23337","0.604334810123978","0.3362083679624415","0.8026400884531538","23337","23337","23337"
"3501","0.17287486354631124","0","0.5093543998914655","13589","13589","13589","0.41976967912466767","0.28022030303471784","0.5795104308630623","23590","23590","23590","0.6460848109767264","0.4251742553213443","0.8030597993074235","23590","23590","23590"
"3751","0.1733387041623305","0","0.48699299763248044","13842","13842","13842","0.37486757465044845","0.18221933762369313","0.714739404728625","23843","23843","23843","0.6323124771458808","0.3579589309169271","0.9636022211383107","23843","23843","23843"
"4001","0.19255993098036348","0","0.5589964812996112","14095","14095","14095","0.37750043141318607","0.1542540429236621","0.4877975269732115","24096","24096","24096","0.6748280414644804","0.5903681921454972","0.7738757102650334","24096","24096","24096"
"4251","0.11265482220498468","0","0.4363200438546359","14348","14348","14348","0.3380122135932503","0.07738818365083382","0.5566119506666648","24349","24349","24349","0.6825054641118756","0.36962985601209875","0.9098926608660091","24349","24349","24349"
"4501","0.13112739208166838","0","0.5505182973901793","14601","14601","14601","0.3493491802536899","0.05221570226541889","0.47742063254539596","24602","24602","24602","0.609089916570207","0.42441323427243205","0.6954652493314549","24602","24602","24602"
"4751","0.13107773646079784","0","0.5071397363555691","14854","14854","14854","0.3548960938936857","0.1256669059064828","0.6361634292255394","24855","24855","24855","0.5876245725916649","0.3906671614989805","0.9675977467153701","24855","24855","24855"
"5001","0.14232583495125387","0","0.5726480965734023","15107","15107","15107","0.429740737015522","0.3166662163370028","0.5509361749132619","25108","25108","25108","0.6542055321693727","0.3720583777024132","0.8688216610184555","25108","25108","25108"
"5251","0.10705961785234488","0","0.52817993355188","15360","15360","15360","0.3477361640446032","0.1303418701195467","0.48831279197678673","25361","25361","25361","0.6446867144970603","0.5347684330023769","0.9201310497386895","25361","25361","25361"
"5501","0.08889739061345288","0","0.5037359749847994","15613","15613","15613","0.37144182055920555","0.20449274965024636","0.5588808482619545","25614","25614","25614","0.6469271685959007","0.40044928937347307","0.887025306017371","25614","25614","25614"
"5751","0.08505754446385602","0","0.4824424445307251","15866","15866","15866","0.41329687412145644","0.27035990657447106","0.6403908994095943","25867","25867","25867","0.6900009327440845","0.4109809052717277","0.9403821698557717","25867","25867","25867"
"6001","0.055638154574941076","0","0.368264040631682","16119","16119","16119","0.3773497545472668","0.13732840535490262","0.5883055620607355","26120","26120","26120","0.6821712036405949","0.391760031287139","0.9006406913597353","26120","26120","26120"
"6251","0.08022144123762903","0","0.4180919189992683","16372","16372","16372","0.36992197316272046","0.08203848540491677","0.5314538584056503","26373","26373","26373","0.6507022811822827","0.4385511631248817","0.9757011845295397","26373","26373","26373"
"6501","0.08437930877232","0","0.4549457910448773","16625","16625","16625","0.39192396587010647","0.07174773026541169","0.5827731848503505","26626","26626","26626","0.6952969384733547","0.46857920223899274","0.8883330971115683","26626","26626","26626"
"6751","0.06914711263734379","0","0.3918007743283938","16878","16878","16878","0.3080984993730785","0.149579814995617","0.5603106961496279","26879","26879","26879","0.7508237765624097","0.40423840335989203","0.9615710190145185","26879","26879","26879"
"7001","0.07112574704776545","0","0.3862156229659604","17131","17131","17131","0.33187473177380217","0.14402819871074635","0.5031971311162521","27132","27132","27132","0.7133675898057608","0.39045413902203446","0.9841796115436418","27132","27132","27132"
"7251","0.06366321627123664","0","0.6366321627123664","17384","17384","17384","0.3931908548135601","0.15842253336999348","0.6340687155739387","27385","27385","27385","0.6883262911586845","0.4180494368077476","0.8533008977013212","27385","27385","27385"
"7501","0.033113643710755244","0","0.3311364371075524","17637","17637","17637","0.38183791292072466","0.16965620854379107","0.5683529169548523","27638","27638","27638","0.644990214580307","0.45541573700260646","0.7948235956615339","27638","27638","27638"
"7751","0.04075776822402637","0","0.40757768224026364","17890","17890","17890","0.35438687012254777","0.08185281114178682","0.610426040453966","27891","27891","27891","0.7146275639618223","0.48528008296379427","0.9413091916910759","27891","27891","27891"
"8001","0.03331390989451466","0","0.3331390989451466","18143","18143","18143","0.3265761953736927","0.03855894748896011","0.6383643895496239","28144","28144","28144","0.6723205030064955","0.5359139869134392","0.9398217250037111","28144","28144","28144"
"8251","0.03227891459363358","0","0.3227891459363358","18396","18396","18396","0.4060608387561727","0.12240214138329723","0.6064734337990414","28397","28397","28397","0.7746049621130437","0.5099060109328138","0.9711885811232156","28397","28397","28397"
"8501","0.03617696625815359","0","0.36176966258153587","18649","18649","18649","0.37783654490236535","0.19556320636526006","0.5100686541201617","28650","28650","28650","0.6473180362026139","0.3468707081961661","0.9261368314771322","28650","28650","28650"
"8751","0.03295881592860612","0","0.32958815928606117","18902","18902","18902","0.3761969758513311","0.1775305458479719","0.5850472990268446","28903","28903","28903","0.7190232641289704","0.38520139055278557","0.955969519967648","28903","28903","28903"
"9001","0.04053142833361494","0","0.40531428333614944","19155","19155","19155","0.447029233722769","0.1810889050849812","0.6375793832506368","29156","29156","29156","0.6928417987759335","0.5231615201064438","0.8931392408028418","29156","29156","29156"
"9251","0.03684159937836676","0","0.3684159937836676","19408","19408","19408","0.40674938735711913","0.17630331082445014","0.6158480753936427","29409","29409","29409","0.636441938456345","0.48187264725405415","0.8529182595904388","29409","29409","29409"
"9501","0.060269106486979175","0","0.6026910648697917","19661","19661","19661","0.34976227261837123","0.04472897252694493","0.563565733077282","29662","29662","29662","0.7047696792624965","0.4701760556825206","0.9771547131787838","29662","29662","29662"
"9751","0.03536032621314409","0","0.3536032621314409","19914","19914","19914","0.36946199303844274","0.1326214714947799","0.5375059738851379","29915","29915","29915","0.6924961700611219","0.3353629214625525","0.9090290003896535","29915","29915","29915"
"10001","0.03558544947224365","0","0.3558544947224365","20167","20167","20167","0.3511374150325175","0.10269102235148074","0.5693500072995381","30168","30168","30168","0.7453977407949817","0.4554332284272022","0.9607071523002874","30168","30168","30168"
"10251","0.03827768609446897","0","0.3827768609446897","20420","20420","20420","0.3676928741827896","0.17830971235240609","0.606660844985067","30421","30421","30421","0.766803116510425","0.5534237664951762","0.9499871911533955","30421","30421","30421"
"10501","0.030636526693641357","0","0.3063652669364136","20673","20673","20673","0.3579220215355972","0.053566614060989844","0.565423080702022","30674","30674","30674","0.6762671666640232","0.35318434124451975","0.9459786179663717","30674","30674","30674"
"10751","0.0358302501650621","0","0.35830250165062094","20926","20926","20926","0.3701649104601196","0.13292772557760027","0.6506789799239555","30927","30927","30927","0.7260960763883121","0.4325378159650586","0.955397240891683","30927","30927","30927"
"11001","0.03596036359324008","0","0.3596036359324008","21179","21179","21179","0.35879461515317723","0.25204159219295236","0.5140540690129866","31180","31180","31180","0.7639440682474278","0.39037661200249757","0.9845358230060666","31180","31180","31180"
"11251","0.03863998055395072","0","0.38639980553950726","21432","21432","21432","0.38739146534731894","0.2821118749519273","0.5054817933262105","31433","31433","31433","0.7664477865499636","0.4610514506067305","0.9538248665742444","31433","31433","31433"
"11501","0.04164040911608997","0","0.41640409116089966","21685","21685","21685","0.3659008638063107","0.1905642118026545","0.6505156601347605","31686","31686","31686","0.7545956051442109","0.5188718464996391","0.9709319720860391","31686","31686","31686"
"11751","0.035550176267566624","0","0.35550176267566624","21938","21938","21938","0.3682867815470344","0.1426205763969489","0.6360396401241994","31939","31939","31939","0.6848558770554745","0.41552874516432103","0.8928539678937528","31939","31939","31939"
"12001","0.032335633514867346","0","0.32335633514867346","22191","22191","22191","0.3615509429498222","0.08970841948864021","0.6359417646819351","32192","32192","32192","0.7402569986302227","0.5005145698431988","0.9573717590624881","32192","32192","32192"
"12251","0.04943521027854748","0","0.49435210278547476","22444","22444","22444","0.35669814172782494","0.0928660209284189","0.47810429576702845","32445","32445","32445","0.7455301471645827","0.4968975015928058","0.9087458966590044","32445","32445","32445"
"12501","0","0","0","22697","22697","22697","0.4119813107530089","0.19245254672183024","0.6376680027674341","32698","32698","32698","0.7193182988410665","0.5774217025527643","0.924199276681197","32698","32698","32698"
"12751","0","0","0","22950","22950","22950","0.38863379275468646","0.11304222191026096","0.6593826798913424","32951","32951","32951","0.7429616978437191","0.42607012585300746","0.9743706125991318","32951","32951","32951"
"13001","0","0","0","23203","23203","23203","0.32738308712221786","0.1177896460047268","0.4890157324464924","33204","33204","33204","0.7391372799361402","0.6329794296232364","0.8641869466101184","33204","33204","33204"
"13251","0","0","0","23456","23456","23456","0.34099049259652947","0.07809982916716497","0.45681637843154865","33457","33457","33457","0.6759015155934213","0.42641041179867495","0.8951635193650547","33457","33457","33457"
"13501","0","0","0","23709","23709","23709","0.3729529748376695","0.2173775990682325","0.5731407931786247","33710","33710","33710","0.7499624507494121","0.37363065668335027","0.9653026716137368","33710","33710","33710"
"13751","0","0","0","23962","23962","23962","0.38610451414814617","0.22826157628057045","0.6327075649324213","33963","33963","33963","0.7309420577111451","0.5793672333004167","0.9211641891772296","33963","33963","33963"
"14001","0","0","0","24215","24215","24215","0.383787060422732","0.1575349698954903","0.6505576800593343","34216","34216","34216","0.7324152769338009","0.34338896323735235","0.9930222991137146","34216","34216","34216"
"14251","0","0","0","24468","24468","24468","0.3978614347682259","0.2584768313519456","0.6617424802441618","34469","34469","34469","0.6686746512179874","0.4348932404559198","0.970933148231767","34469","34469","34469"
"14501","0","0","0","24721","24721","24721","0.33602550802969816","0.18828313899289398","0.43102328106578164","34722","34722","34722","0.737012805597816","0.5100308929588938","0.9557642707724368","34722","34722","34722"
"14751","0","0","0","24974","24974","24974","0.39061173060192184","0.179809102857991","0.6297281412727115","34975","34975","34975","0.7554141323979502","0.5083017514927993","0.921226934974285","34975","34975","34975"
"15001","0","0","0","25227","25227","25227","0.40434258249856675","0.1473006833687917","0.6658796197598406","35228","35228","35228","0.6343101268587998","0.3603653337331305","0.8845074123285701","35228","35228","35228"
"15251","0","0","0","25480","25480","25480","0.3566556027859114","0.21307020819725728","0.5010515545055126","35481","35481","35481","0.7626179540611815","0.6451666082211849","0.9219225976479462","35481","35481","35481"
"15501","0","0","0","25733","25733","25733","0.389237656551997","0.18152151624650623","0.5938576889762495","35734","35734","35734","0.7368118327890344","0.4320450364505888","0.9131691444741931","35734","35734","35734"
"15751","0","0","0","25986","25986","25986","0.31601679290662976","0.08983328378797677","0.534618874092092","35987","35987","35987","0.688988798370314","0.38892336382890086","0.8942451495860403","35987","35987","35987"
"16001","0","0","0","26239","26239","26239","0.34571454224724363","0.1526244844992033","0.6144867708892504","36240","36240","36240","0.7330757591547681","0.4616026753872957","0.9221075729374073","36240","36240","36240"
"16251","0","0","0","26492","26492","26492","0.4270814754127252","0.22497478234617374","0.5927990332800561","36493","36493","36493","0.7808532232168549","0.6914834811867322","0.9239436566239291","36493","36493","36493"
"16501","0","0","0","26745","26745","26745","0.36491124797233304","0.1337913606306182","0.6273244101651209","36746","36746","36746","0.7343462284371318","0.5931327494961741","0.9037202104836718","36746","36746","36746"
"16751","0","0","0","26998","26998","26998","0.36469164775664775","0.2720321589729339","0.46711756178293884","36999","36999","36999","0.7055419801901353","0.3811347938943946","0.9773283223673834","36999","36999","36999"
"17001","0","0","0","27251","27251","27251","0.3652679993023071","0.2765208013775994","0.4719656103724086","37252","37252","37252","0.6538649567511271","0.4480335491283247","0.964769453985553","37252","37252","37252"
"17251","0","0","0","27504","27504","27504","0.39346322534354405","0.20417636642470396","0.5611853674974032","37505","37505","37505","0.7714878462905","0.47733185900088665","0.9528869479004823","37505","37505","37505"
"17501","0","0","0","27757","27757","27757","0.3370372095737879","0.09566371980909556","0.6782653951487863","37758","37758","37758","0.7631291092487794","0.5901970419848417","0.9182895922797001","37758","37758","37758"
"17751","0","0","0","28010","28010","28010","0.4355358286913294","0.31012391372068665","0.6513683714896287","38011","38011","38011","0.7597294986167956","0.45858555496532466","0.9398688803775284","38011","38011","38011"
"18001","0","0","0","28263","28263","28263","0.31999049501979654","0.08866430653900959","0.516567725829163","38264","38264","38264","0.7369513820428004","0.5474175686424397","0.944141866216207","38264","38264","38264"
"18251","0","0","0","28516","28516","28516","0.2917511938316587","0.06883060690414312","0.5514250723033799","38517","38517","38517","0.7106218697384818","0.36397943811698047","0.962473029021656","38517","38517","38517"
"18501","0","0","0","28769","28769","28769","0.31655022020762785","0.1483887945554115","0.45902050130571337","38770","38770","38770","0.6755797163708623","0.47828077548246384","0.904312939791487","38770","38770","38770"
"18751","0","0","0","29022","29022","29022","0.37043756491177204","0.26194638336886705","0.5261815793552898","39023","39023","39023","0.6758876758831618","0.38931366868962164","0.9665453306818975","39023","39023","39023"
"19001","0","0","0","29275","29275","29275","0.3170525244291071","0.12628682589535778","0.5153852098252242","39276","39276","39276","0.7091881734072765","0.3795591200474437","0.9727985703355758","39276","39276","39276"
"19251","0","0","0","29528","29528","29528","0.3236892494159722","0.18265379472049567","0.3975472979120658","39529","39529","39529","0.7253462346952191","0.3483846130441612","0.9247769126629378","39529","39529","39529"
"19501","0","0","0","29781","29781","29781","0.35367091823040575","0.14497771616957775","0.49860124839369585","39782","39782","39782","0.6915257154426467","0.429820074911963","0.9391869530079154","39782","39782","39782"
"19751","0","0","0","30034","30034","30034","0.44438967228039095","0.3377673422022022","0.6294263284911398","40035","40035","40035","0.6918667445521522","0.335996731472805","0.9473409405902319","40035","40035","40035"
"20001","0","0","0","30287","30287","30287","0.40246385966296294","0.27434818614548656","0.633723400412107","40288","40288","40288","0.7934808676377634","0.513780687501982","0.9674809200908209","40288","40288","40288"
"20251","0","0","0","30540","30540","30540","0.3745434324954933","0.04836308030598822","0.6087270979198691","40541","40541","40541","0.7555836785050738","0.449565421916168","0.9409051944025425","40541","40541","40541"
"20501","0","0","0","30793","30793","30793","0.3988764090818298","0.26927641186881446","0.5949172196743757","40794","40794","40794","0.7434525090766924","0.4435669492518899","0.9106165581002598","40794","40794","40794"
"20751","0","0","0","31046","31046","31046","0.36544788332265604","0.12531641847438812","0.5311747286988445","41047","41047","41047","0.7741498305972974","0.557676411344825","0.9283193236572561","41047","41047","41047"
"21001","0","0","0","31299","31299","31299","0.3557044478741164","0.20080922710315985","0.4654676372264002","41300","41300","41300","0.7176131115490486","0.49302560147736596","0.9633201869544158","41300","41300","41300"
"21251","0","0","0","31552","31552","31552","0.3976625416718751","0.2509003973282487","0.5134939220889524","41553","41553","41553","0.7190675518640777","0.5069990628665134","0.9831717187910365","41553","41553","41553"
"21501","0","0","0","31805","31805","31805","0.3786532508880763","0.13147197504659955","0.5819821861326384","41806","41806","41806","0.7890197882017527","0.6318127570338069","0.9751219181721407","41806","41806","41806"
"21751","0","0","0","32058","32058","32058","0.3310812381713155","0.22378135228001161","0.43405105330807126","42059","42059","42059","0.763407648941429","0.666358277169699","0.9915630194171885","42059","42059","42059"
"22001","0","0","0","32311","32311","32311","0.30423410569941123","0.03965500788026482","0.4626690703653112","42312","42312","42312","0.6918463178868727","0.38258898374182465","0.957355733220114","42312","42312","42312"
"22251","0","0","0","32564","32564","32564","0.38178288677196426","0.24047862925315774","0.5644949270932682","42565","42565","42565","0.6899777827311625","0.3712505110906443","0.9317296805979378","42565","42565","42565"
"22501","0","0","0","32817","32817","32817","0.32683052812471847","0.11359183530787154","0.5154347891423771","42818","42818","42818","0.7341243598747533","0.38739089582341263","0.9641734648606252","42818","42818","42818"
"22751","0","0","0","33070","33070","33070","0.41317177739063515","0.1634165613581809","0.6578338462417626","43071","43071","43071","0.7355429716268056","0.5401641784603021","0.9265740314066386","43071","43071","43071"
"23001","0","0","0","33323","33323","33323","0.3919784086877518","0.27397873271991063","0.599047544483274","43324","43324","43324","0.8046745573153598","0.5422263829871984","0.9740806454607543","43324","43324","43324"
"23251","0","0","0","33576","33576","33576","0.3047276858757487","0.0828097612492718","0.5752440651323035","43577","43577","43577","0.7548873219706838","0.49668418189179836","0.9727935694883844","43577","43577","43577"
"23501","0","0","0","33829","33829","33829","0.36795686547815754","0.12609580215949134","0.5349933057424182","43830","43830","43830","0.7761198397977215","0.5574899086313053","0.9612549806248728","43830","43830","43830"
"23751","0","0","0","34082","34082","34082","0.4046882989217472","0.31154537507135943","0.5416439771499815","44083","44083","44083","0.6838118239004405","0.37709683147068535","0.9616907692853314","44083","44083","44083"
"24001","0","0","0","34335","34335","34335","0.3588121474725975","0.021061134659294753","0.6715151835343858","44336","44336","44336","0.7579486503724273","0.46985194851880535","0.9824209973254394","44336","44336","44336"
"24251","0","0","0","34588","34588","34588","0.3523866653249691","0.14202679369199317","0.5591595780325166","44589","44589","44589","0.7581838633404535","0.5898546608776633","0.9454564756416343","44589","44589","44589"
"24501","0","0","0","34841","34841","34841","0.39035400417580246","0.19198615563720214","0.5611695172759236","44842","44842","44842","0.7558157023471523","0.45549388052335127","0.9767281687745166","44842","44842","44842"
"24751","0","0","0","35094","35094","35094","0.42164827527319426","0.2850399398141556","0.5736771234151901","45095","45095","45095","0.7360876629397048","0.3795597795300541","0.9803617036880571","45095","45095","45095"
"25001","0","0","0","35347","35347","35347","0.40942375160911865","0.16933751300711783","0.6370647556654248","45348","45348","45348","0.7834384662449089","0.5298347379630468","0.9787762460156456","45348","45348","45348"
"25251","0","0","0","35600","35600","35600","0.332998736574456","0.08875961710774545","0.489624995862972","45601","45601","45601","0.8214241296044174","0.6168447542812835","0.9761409712802752","45601","45601","45601"
"25501","0","0","0","35853","35853","35853","0.4120757457879953","0.20183603804524855","0.637238067953028","45854","45854","45854","0.7742355262045113","0.5511132482358372","0.9891184138228538","45854","45854","45854"
"25751","0","0","0","36106","36106","36106","0.4016177611644841","0.17592166739429638","0.5524371853373747","46107","46107","46107","0.7389150384579984","0.3399558346434401","0.9461601149926452","46107","46107","46107"
"26001","0","0","0","36359","36359","36359","0.39452794365908034","0.22621687418049508","0.5847373548533451","46360","46360","46360","0.7273894313756336","0.3914334491689156","0.9632553839618367","46360","46360","46360"
"26251","0","0","0","36612","36612","36612","0.42582430149796524","0.28000189082541566","0.6237364248774555","46613","46613","46613","0.7757108846847489","0.619632789810625","0.9342057384498085","46613","46613","46613"
"26501","0","0","0","36865","36865","36865","0.36757460477894943","0.15994696597457628","0.5974232889736141","46866","46866","46866","0.7410522763032494","0.3601111834800858","0.966726631298814","46866","46866","46866"
"26751","0","0","0","37118","37118","37118","0.386971839805896","0.2994644938053464","0.4689091238967409","47119","47119","47119","0.7640067749324981","0.4863873052541849","0.9845313927432945","47119","47119","47119"
"27001","0","0","0","37371","37371","37371","0.3013843286699572","0.1254891251871307","0.5520931934980163","47372","47372","47372","0.7747399530220056","0.41584794495098265","0.9636864550888958","47372","47372","47372"
"27251","0","0","0","37624","37624","37624","0.42689366472362494","0.27430827346658143","0.5811001263180777","47625","47625","47625","0.7939313013991643","0.48481034044853294","0.9638860151077804","47625","47625","47625"
"27501","0","0","0","37877","37877","37877","0.3464723136671524","0.16490631891460772","0.5575197940339982","47878","47878","47878","0.774697471445816","0.6354569233939236","0.9504887966063912","47878","47878","47878"
"27751","0","0","0","38130","38130","38130","0.33655439440214524","0.180897136696242","0.6353464093936502","48131","48131","48131","0.7081056904724913","0.3469960790326045","0.9201165503561418","48131","48131","48131"
"28001","0","0","0","38383","38383","38383","0.3341698143850992","0.08825143432972342","0.5215382251457787","48384","48384","48384","0.7544028533990568","0.4230713869253717","0.9563439979466395","48384","48384","48384"
"28251","0","0","0","38636","38636","38636","0.409785337638521","0.18915157908935473","0.535330304303249","48637","48637","48637","0.7104389071767669","0.42807406338266846","0.9746204128784003","48637","48637","48637"
"28501","0","0","0","38889","38889","38889","0.3883676585283475","0.17441116350701155","0.5366560132175974","48890","48890","48890","0.7483404892071377","0.49475695733124253","0.9525096720231246","48890","48890","48890"
"28751","0","0","0","39142","39142","39142","0.383387882707244","0.05147582756399472","0.5957003914944211","49143","49143","49143","0.7218288733875813","0.48515777195134685","0.9822977236456958","49143","49143","49143"
"29001","0","0","0","39395","39395","39395","0.36550219098476655","0.17551397812285954","0.561852418975826","49396","49396","49396","0.7502437280729499","0.3874560086669117","0.9782040131982966","49396","49396","49396"
"29251","0","0","0","39648","39648","39648","0.3376017914106349","0.057044903269931425","0.5390774979804004","49649","49649","49649","0.7536527503677147","0.44579323829734935","0.99385150657652","49649","49649","49649"
"29501","0","0","0","39901","39901","39901","0.381549215797387","0.18853405568462675","0.6445892616695721","49902","49902","49902","0.8145648244180457","0.5898720767337524","0.9786431255068462","49902","49902","49902"
"29751","0","0","0","40154","40154","40154","0.30031632185962975","0.19505087598134616","0.3840084320916142","50155","50155","50155","0.7981997342018528","0.5248203071921319","0.94991481106511","50155","50155","50155"
"30001","0","0","0","40407","40407","40407","0.37136218574185903","0.2659351019508437","0.654341444154716","50408","50408","50408","0.692331031664047","0.4458986496988415","0.8899039196384533","50408","50408","50408"
"30251","0","0","0","40660","40660","40660","0.3989479266079509","0.1455044404350577","0.6708008241616028","50661","50661","50661","0.8200110003308477","0.5663877089661387","0.9619094442723348","50661","50661","50661"
"30501","0","0","0","40913","40913","40913","0.3636499311228837","0.14401911355920285","0.5208807256136243","50914","50914","50914","0.8162874389698436","0.6433264712231728","0.9734008286567858","50914","50914","50914"
"30751","0","0","0","41166","41166","41166","0.3719730517007322","0.1231292665406717","0.5624016932358219","51167","51167","51167","0.7886723373581597","0.5810562304049105","0.9844650994247951","51167","51167","51167"
"31001","0","0","0","41419","41419","41419","0.3756342338760562","0.1327360493741285","0.6498061099991905","51420","51420","51420","0.6883434274287552","0.33632084328139267","0.9783018230306951","51420","51420","51420"
"31251","0","0","0","41672","41672","41672","0.453043113110276","0.2417451737224879","0.6373538101750311","51673","51673","51673","0.8127588465341548","0.39346521324714717","0.9674077464450063","51673","51673","51673"
"31501","0","0","0","41925","41925","41925","0.37657781264704726","0.1298463865965587","0.6260221354169009","51926","51926","51926","0.7377057604024235","0.35915971284839704","0.9474976883997482","51926","51926","51926"
"31751","0","0","0","42178","42178","42178","0.4107688661363472","0.10581367298953887","0.6404187414967141","52179","52179","52179","0.7593393775875075","0.4547743496505942","0.9809545956386385","52179","52179","52179"
"32001","0","0","0","42431","42431","42431","0.40351518708765743","0.2632299462139173","0.6412317625603053","52432","52432","52432","0.7127229611395889","0.43647146505021633","0.9296803530604274","52432","52432","52432"
"32251","0","0","0","42684","42684","42684","0.3607534625022555","0.23193971352214612","0.4904288147541341","52685","52685","52685","0.7860116605678431","0.49104377813065964","0.9256705456249069","52685","52685","52685"
"32501","0","0","0","42937","42937","42937","0.39908440253001987","0.28518843566072344","0.6092000058979278","52938","52938","52938","0.7768849243078179","0.5633498743800879","0.9891297564012543","52938","52938","52938"
"32751","0","0","0","43190","43190","43190","0.367036810562702","0.11486051231640186","0.537713200487766","53191","53191","53191","0.7151049883084425","0.3755617510272662","0.9564109242686971","53191","53191","53191"
"33001","0","0","0","43443","43443","43443","0.2965914837341088","0.07334833835250629","0.534714902209028","53444","53444","53444","0.8038412590572312","0.4921415081012342","0.9799707861177311","53444","53444","53444"
"33251","0","0","0","43696","43696","43696","0.3459181911184458","0.15986733012200183","0.5152284552154599","53697","53697","53697","0.7757978805980252","0.4057534681671531","0.982305723483166","53697","53697","53697"
"33501","0","0","0","43949","43949","43949","0.32371548851351656","0.12696920875764747","0.5345302702194908","53950","53950","53950","0.7751402011701966","0.44402131884607937","0.9587166607845582","53950","53950","53950"
"33751","0","0","0","44202","44202","44202","0.33753434190702175","0.10851953769258138","0.504460986744169","54203","54203","54203","0.7787858498055483","0.6224038282546935","0.9825058714090381","54203","54203","54203"
"34001","0","0","0","44455","44455","44455","0.35416239181473297","0.16447613565816702","0.5620777687989201","54456","54456","54456","0.7147788805879626","0.39977175531962","0.9716159236433789","54456","54456","54456"
"34251","0","0","0","44708","44708","44708","0.39377860724144303","0.22731183533248725","0.5028087107395256","54709","54709","54709","0.7254949404033109","0.4042952791672983","0.9559584884008947","54709","54709","54709"
"34501","0","0","0","44961","44961","44961","0.33790902984089455","0.12911806615122368","0.5434592169071718","54962","54962","54962","0.7560918191875643","0.4878005932358593","0.9795418622454521","54962","54962","54962"
"34751","0","0","0","45214","45214","45214","0.3717495532218224","0.25733258741978954","0.48741476970939995","55215","55215","55215","0.7626298891365435","0.5033148269340867","0.9649594242598298","55215","55215","55215"
"35001","0","0","0","45467","45467","45467","0.4189389756229982","0.17294559118827205","0.5793105023620622","55468","55468","55468","0.7260123892086447","0.35437495359551135","0.9351033058013568","55468","55468","55468"
"35251","0","0","0","45720","45720","45720","0.35636298467236804","0.09367984471295106","0.6259589578466477","55721","55721","55721","0.7320020007450273","0.4357732889568861","0.9642129319208763","55721","55721","55721"
"35501","0","0","0","45973","45973","45973","0.3556075887193073","0.08309422608848975","0.4496906710699258","55974","55974","55974","0.8103917274780235","0.5620231572235999","0.9799444563514368","55974","55974","55974"
"35751","0","0","0","46226","46226","46226","0.39151371051535855","0.12736130788912498","0.6212508132533671","56227","56227","56227","0.8028039842551482","0.5507586546854712","0.9787746675091661","56227","56227","56227"
"36001","0","0","0","46479","46479","46479","0.39116111893511113","0.17870006648379053","0.6497436386974385","56480","56480","56480","0.7769294127613594","0.4938545367518847","0.9690733138045559","56480","56480","56480"
"36251","0","0","0","46732","46732","46732","0.39121581524964516","0.1898309885162844","0.5340540716664375","56733","56733","56733","0.8026249544056945","0.5938352397994809","0.9807736026815056","56733","56733","56733"
"36501","0","0","0","46985","46985","46985","0.3674507017963135","0.1341597320304404","0.5184617967026757","56986","56986","56986","0.7041007300400766","0.48848998581666203","0.9666525423192353","56986","56986","56986"
"36751","0","0","0","47238","47238","47238","0.36110002772730143","0.14461505834020547","0.5362300381857149","57239","57239","57239","0.7115216406510606","0.389757525989273","0.9359205816120107","57239","57239","57239"
"37001","0","0","0","47491","47491","47491","0.37582562687646137","0.14507294928287295","0.48647215733168364","57492","57492","57492","0.7300192584577972","0.4500197366554757","0.9182404416144471","57492","57492","57492"
"37251","0","0","0","47744","47744","47744","0.32159058903818977","0.10878585336741875","0.37692103300350066","57745","57745","57745","0.7311136285077278","0.43996624453246397","0.955727434409416","57745","57745","57745"
"37501","0","0","0","47997","47997","47997","0.3263972881637308","0.1232925621975534","0.47003670998107233","57998","57998","57998","0.7408018787463857","0.3958521603738925","0.9589231765308837","57998","57998","57998"
"37751","0","0","0","48250","48250","48250","0.3588100983071335","0.11363857314578713","0.4958029958779275","58251","58251","58251","0.7417755261343676","0.43368776272173054","0.9602266243631871","58251","58251","58251"
"38001","0","0","0","48503","48503","48503","0.38847882775566617","0.25014825504077265","0.5088096191891686","58504","58504","58504","0.7852823233115829","0.4790188833750273","0.9583376146261015","58504","58504","58504"
"38251","0","0","0","48756","48756","48756","0.41217288780349975","0.19596705942055648","0.603723428397363","58757","58757","58757","0.7667206604070348","0.5707652272323551","0.9859064133712906","58757","58757","58757"
"38501","0","0","0","49009","49009","49009","0.3866797025776868","0.1747283948656018","0.5714631782652151","59010","59010","59010","0.740230670555143","0.6115119856204483","0.9842915222860159","59010","59010","59010"
"38751","0","0","0","49262","49262","49262","0.32811736509630773","0.15021428908067083","0.4021526979324969","59263","59263","59263","0.6641318933635015","0.3569467842110358","0.9344604527729499","59263","59263","59263"
"39001","0","0","0","49515","49515","49515","0.40469000735890975","0.2795781660123169","0.5961869653375782","59516","59516","59516","0.7203376217338001","0.5221601564685988","0.9646244556053395","59516","59516","59516"
"39251","0","0","0","49768","49768","49768","0.3364824027001896","0.25687893351008434","0.4571444114618881","59769","59769","59769","0.7290041748986312","0.33755557895690697","0.9707779006526733","59769","59769","59769"
"39501","0","0","0","50021","50021","50021","0.39446159662008273","0.10458526787351258","0.5369248060721369","60022","60022","60022","0.7115515771843731","0.3883979402031574","0.9837206151632069","60022","60022","60022"
"39751","0","0","0","50274","50274","50274","0.4053991775967252","0.20596626540311017","0.6557967061479124","60275","60275","60275","0.6734718588836468","0.33602503016059204","0.8854065076454258","60275","60275","60275"
"40001","0","0","0","50527","50527","50527","0.3588998033477826","0.22937367552037813","0.5210749186004184","60528","60528","60528","0.6823674769084869","0.3664308090157819","0.9418679828452646","60528","60528","60528"
"40251","0","0","0","50780","50780","50780","0.34687054768477193","0.16788351757342393","0.5164303010910539","60781","60781","60781","0.7303130038286859","0.38184768078897796","0.977185805638003","60781","60781","60781"
"40501","0","0","0","51033","51033","51033","0.3689705500926957","0.07443134906767733","0.5770641450492343","61034","61034","61034","0.6603441462167838","0.36021038827320334","0.98212874277905","61034","61034","61034"
"40751","0","0","0","51286","51286","51286","0.41498896878130964","0.18275389991736346","0.5842218431248853","61287","61287","61287","0.7628157596189478","0.4760733042722379","0.9669440681311344","61287","61287","61287"
"41001","0","0","0","51539","51539","51539","0.4320972775411409","0.02782906324092597","0.6498414499039582","61540","61540","61540","0.7646280961926489","0.49230993407049467","0.9642602536511138","61540","61540","61540"
"41251","0","0","0","51792","51792","51792","0.4376463196734385","0.3367095694554252","0.5866258004678356","61793","61793","61793","0.7599386488470863","0.4520426684383008","0.9694861353592502","61793","61793","61793"
"41501","0","0","0","52045","52045","52045","0.3364579426121393","0.18815032117607985","0.5335446031628813","62046","62046","62046","0.7358207171353327","0.5451533101065507","0.9794381694247222","62046","62046","62046"
"41751","0","0","0","52298","52298","52298","0.37172209595453315","0.1905840571105469","0.5297876585537764","62299","62299","62299","0.6849906933705664","0.3358097797276445","0.9762336780199302","62299","62299","62299"
"42001","0","0","0","52551","52551","52551","0.3909091499073398","0.1532399732623367","0.5847260408553583","62552","62552","62552","0.6683063395667201","0.4567306125091941","0.9596649771339191","62552","62552","62552"
"42251","0","0","0","52804","52804","52804","0.349700829425555","0.16608849450639626","0.524127855652624","62805","62805","62805","0.7141710460556887","0.4783107896523504","0.8684172412346912","62805","62805","62805"
"42501","0","0","0","53057","53057","53057","0.3934722445402711","0.06441075940174788","0.5409850318864244","63058","63058","63058","0.7712486769717476","0.5116175164954277","0.9582382779037114","63058","63058","63058"
"42751","0","0","0","53310","53310","53310","0.4257037099003612","0.24332718266979078","0.6506181484073518","63311","63311","63311","0.7707338191137352","0.6233357257223185","0.9778099324697359","63311","63311","63311"
"43001","0","0","0","53563","53563","53563","0.36057749589210386","0.1075328040639676","0.5779218648709811","63564","63564","63564","0.7636934462353767","0.5709993789617435","0.9821952219160228","63564","63564","63564"
"43251","0","0","0","53816","53816","53816","0.3650977916336614","0.15629221304843027","0.5492147307941205","63817","63817","63817","0.746860581444291","0.511772752757234","0.9510384268502735","63817","63817","63817"
"43501","0","0","0","54069","54069","54069","0.4114396723260116","0.2735596770157637","0.6459233317510739","64070","64070","64070","0.8383643693828768","0.6732262152568079","0.9838922612522328","64070","64070","64070"
"43751","0","0","0","54322","54322","54322","0.41820054217621727","0.14347235791401208","0.5462080950091883","64323","64323","64323","0.7823624733157913","0.4042629539213944","0.9805971411394528","64323","64323","64323"
"44001","0","0","0","54575","54575","54575","0.32481865154888884","0.14485506868891215","0.5062165159305799","64576","64576","64576","0.7879952501813373","0.4324944565782491","0.9833903092721071","64576","64576","64576"
"44251","0","0","0","54828","54828","54828","0.3690375273139114","0.21391824873935072","0.5045094126746205","64829","64829","64829","0.7756890021557489","0.43037281518676224","0.9841829680389614","64829","64829","64829"
"44501","0","0","0","55081","55081","55081","0.371560753362584","0.24758927716532916","0.6406298677218049","65082","65082","65082","0.7528616613997461","0.5572950859789896","0.9470336267450673","65082","65082","65082"
"44751","0","0","0","55334","55334","55334","0.41476831646022383","0.2484057171064816","0.5887467209415088","65335","65335","65335","0.5870710000808272","0.35638107439463157","0.9484830506354466","65335","65335","65335"
"45001","0","0","0","55587","55587","55587","0.3884969876481048","0.09900062361632224","0.6774974042669134","65588","65588","65588","0.767744517369421","0.5616674065030216","0.90259287607945","65588","65588","65588"
"45251","0","0","0","55840","55840","55840","0.3607777052795863","0.1639963426226009","0.639276945655025","65841","65841","65841","0.827271275968738","0.6319379661355594","0.9887709776923025","65841","65841","65841"
"45501","0","0","0","56093","56093","56093","0.42890160464898275","0.3127729751161306","0.709443851434303","66094","66094","66094","0.7923905867296631","0.6165945053678222","0.9557651646401103","66094","66094","66094"
"45751","0","0","0","56346","56346","56346","0.40322123334202625","0.2419615661142681","0.5772890384196058","66347","66347","66347","0.7226723850235518","0.3459473069063368","0.9797723548047818","66347","66347","66347"
"46001","0","0","0","56599","56599","56599","0.34139880199558154","0.12936462406874277","0.5245653913020009","66600","66600","66600","0.7372603274072149","0.4963258301681013","0.977066619009508","66600","66600","66600"
"46251","0","0","0","56852","56852","56852","0.4589907543532192","0.21485591049909444","0.6020190870751896","66853","66853","66853","0.7642408539960668","0.555881731747074","0.9438003417206252","66853","66853","66853"
"46501","0","0","0","57105","57105","57105","0.4122016393168975","0.29765805901403014","0.6182039827003183","67106","67106","67106","0.8081478983896101","0.4254005331654533","0.9528036772575906","67106","67106","67106"
"46751","0","0","0","57358","57358","57358","0.327398869306111","0.07927247510898064","0.6322547711189365","67359","67359","67359","0.7029482272996661","0.5004980133896698","0.9788359779283575","67359","67359","67359"
"47001","0","0","0","57611","57611","57611","0.43577477310202745","0.22783944155885352","0.552208589450494","67612","67612","67612","0.803664491685592","0.5963665528352243","0.9565657168586292","67612","67612","67612"
"47251","0","0","0","57864","57864","57864","0.362814758540919","0.18648407215239515","0.5921432222939403","67865","67865","67865","0.7225908991584917","0.3352597756933085","0.9580476241145606","67865","67865","67865"
"47501","0","0","0","58117","58117","58117","0.37279883316949664","0.18497583461202724","0.5348358855252265","68118","68118","68118","0.7321034355348754","0.3374065822744659","0.9697190544374377","68118","68118","68118"
"47751","0","0","0","58370","58370","58370","0.38378582169844216","0.20541364595933767","0.5863665548618496","68371","68371","68371","0.7857104947775099","0.5646898927191745","0.964528738492819","68371","68371","68371"
"48001","0","0","0","58623","58623","58623","0.37874599613550314","0.1455182921468037","0.5967088960788957","68624","68624","68624","0.6969714256862127","0.37054717249919533","0.9242910019787538","68624","68624","68624"
"48251","0","0","0","58876","58876","58876","0.39090608390634796","0.2241457045901937","0.6530866966303086","68877","68877","68877","0.7765651475359331","0.5712652387319529","0.9449003477135003","68877","68877","68877"
"48501","0","0","0","59129","59129","59129","0.4055961083062041","0.19558339298624672","0.533193374948695","69130","69130","69130","0.780164451713784","0.5393785204116904","0.972834237097632","69130","69130","69130"
"48751","0","0","0","59382","59382","59382","0.39293994350531436","0.16506200104181978","0.653480502812415","69383","69383","69383","0.790621814812446","0.6433728970037866","0.9719160945737126","69383","69383","69383"
"49001","0","0","0","59635","59635","59635","0.4068456632220915","0.2986818433608845","0.6495781292959206","69636","69636","69636","0.7321871737804392","0.452448285240764","0.9886691622373095","69636","69636","69636"
"49251","0","0","0","59888","59888","59888","0.40076626505301166","0.23748985750622906","0.5927869250310086","69889","69889","69889","0.75655045778428","0.36645066861146436","0.9709102185499779","69889","69889","69889"
"49501","0","0","0","60141","60141","60141","0.39694012431782943","0.18636324237741222","0.5569530769179801","70142","70142","70142","0.7950327735863021","0.6732697398166506","0.9866415160282046","70142","70142","70142"
"49751","0","0","0","60394","60394","60394","0.3958724687614664","0.24550960324005325","0.4572161781184531","70395","70395","70395","0.7895752889418983","0.4732179387959709","0.9781416888693445","70395","70395","70395"
"50001","0","0","0","60647","60647","60647","0.4011727089193332","0.1502890623518188","0.5687253547867287","70648","70648","70648","0.7540209826682089","0.5957830471911506","0.9422547231710361","70648","70648","70648"
"50251","0","0","0","60900","60900","60900","0.32103148328868275","0.05278964389846363","0.4921337617257022","70901","70901","70901","0.7632873993335452","0.49279769179402555","0.9435144266565288","70901","70901","70901"
"50501","0","0","0","61153","61153","61153","0.41270661874335257","0.15076580733260722","0.6798277088215258","71154","71154","71154","0.7645287251788313","0.5515886791703247","0.9716553481385697","71154","71154","71154"
"50751","0","0","0","61406","61406","61406","0.3608075628404502","0.09846988563424991","0.47298797676958265","71407","71407","71407","0.7162479267737341","0.4205741360371594","0.9361027344041473","71407","71407","71407"
"51001","0","0","0","61659","61659","61659","0.37367676282421325","0.1069717252281077","0.5329700932578597","71660","71660","71660","0.80912722561477","0.634583921232634","0.9875854934073227","71660","71660","71660"
"51251","0","0","0","61912","61912","61912","0.37704648153869563","0.2805155185427563","0.46559280732144986","71913","71913","71913","0.7623457387336703","0.4577758620213026","0.9821457835026889","71913","71913","71913"
"51501","0","0","0","62165","62165","62165","0.4271056580735187","0.06242325307288867","0.6850488037219215","72166","72166","72166","0.7645082566521382","0.5696957649503988","0.9710850252736201","72166","72166","72166"
"51751","0","0","0","62418","62418","62418","0.4213621208089274","0.29492856477478063","0.6402506995140961","72419","72419","72419","0.7390189212960346","0.4546027815836093","0.9287066923709434","72419","72419","72419"
"52001","0","0","0","62671","62671","62671","0.32495435521840166","0.1329692710037839","0.5560698533048399","72672","72672","72672","0.7865070175581729","0.6287409983821806","0.9757965678666757","72672","72672","72672"
"52251","0","0","0","62924","62924","62924","0.41030696209838224","0.19605041245056384","0.6324269328104557","72925","72925","72925","0.7739465933845673","0.6176188745208661","0.9742109537458213","72925","72925","72925"
"52501","0","0","0","63177","63177","63177","0.3762535563377586","0.18937003688968548","0.6616897160741172","73178","73178","73178","0.7510871519183931","0.4712959518996002","0.9697192653398957","73178","73178","73178"
"52751","0","0","0","63430","63430","63430","0.358914762145235","0.18307951696210067","0.5709704826480224","73431","73431","73431","0.7317712618800176","0.349401635909466","0.9573372736027462","73431","73431","73431"
"53001","0","0","0","63683","63683","63683","0.3533847946773788","0.1315410881759345","0.5892312504094857","73684","73684","73684","0.7703511043577759","0.4343772359166412","0.9795449808344013","73684","73684","73684"
"53251","0","0","0","63936","63936","63936","0.3830775358975772","0.17348566220371275","0.5758055191944844","73937","73937","73937","0.7595778931871762","0.4544508187455654","0.976350791279443","73937","73937","73937"
"53501","0","0","0","64189","64189","64189","0.4067034832392018","0.26913228945845535","0.5991093881262343","74190","74190","74190","0.7370462744031042","0.4320522926686569","0.9698727417083367","74190","74190","74190"
"53751","0","0","0","64442","64442","64442","0.3997920233845756","0.2997481250782098","0.5808603722708167","74443","74443","74443","0.7764307445770084","0.39552703864195554","0.9756872549066523","74443","74443","74443"
"54001","0","0","0","64695","64695","64695","0.3931135920991737","0.22190987766773304","0.572746623497449","74696","74696","74696","0.7760518105931437","0.4551842768120122","0.9729641757750157","74696","74696","74696"
"54251","0","0","0","64948","64948","64948","0.39565398187480116","0.09729481707105608","0.5557862450004764","74949","74949","74949","0.7600617806928839","0.5741231250729492","0.9691795915462601","74949","74949","74949"
"54501","0","0","0","65201","65201","65201","0.3764296859229373","0.18195945291551205","0.5589382583310577","75202","75202","75202","0.7681137088933269","0.3813050670007136","0.9670937323545562","75202","75202","75202"
"54751","0","0","0","65454","65454","65454","0.4035677236177773","0.18595597191023852","0.6125347105172596","75455","75455","75455","0.7958845473930902","0.59085637144873","0.9732184640396486","75455","75455","75455"
"55001","0","0","0","65707","65707","65707","0.4486067309781207","0.30171037785530963","0.6382400508502143","75708","75708","75708","0.7076173954268423","0.4492547637121627","0.9824081095530497","75708","75708","75708"
"55251","0","0","0","65960","65960","65960","0.42429922995769465","0.19168571671877546","0.5730040161650881","75961","75961","75961","0.8241922596063309","0.6133264187246206","0.9834286866710737","75961","75961","75961"
"55501","0","0","0","66213","66213","66213","0.3831115950767484","0.24704028208696785","0.6126167035178011","76214","76214","76214","0.7642532550629696","0.5160028714456716","0.9368793213722442","76214","76214","76214"
"55751","0","0","0","66466","66466","66466","0.40762725172146147","0.256562853850484","0.6355991834943052","76467","76467","76467","0.6989479504028993","0.4385913748525119","0.9290257693582267","76467","76467","76467"
"56001","0","0","0","66719","66719","66719","0.33791151047674883","0.10531893346207148","0.5333965961278427","76720","76720","76720","0.6737371107639898","0.34472186143977956","0.8726288767623287","76720","76720","76720"
"56251","0","0","0","66972","66972","66972","0.33554188317940553","0.19124810046302898","0.45651215223997177","76973","76973","76973","0.7589364001263608","0.597637796030666","0.9679940177314322","76973","76973","76973"
"56501","0","0","0","67225","67225","67225","0.4242822717561638","0.32551986474157213","0.6094703925440269","77226","77226","77226","0.7177371488616345","0.4476606356667552","0.9314188266426413","77226","77226","77226"
"56751","0","0","0","67478","67478","67478","0.36236530068419465","0.18335672514487364","0.6569790761879073","77479","77479","77479","0.843591446292578","0.6731125680242025","0.9552896236974496","77479","77479","77479"
"57001","0","0","0","67731","67731","67731","0.38587566821723196","0.14126540804211998","0.668174207460992","77732","77732","77732","0.7527184893079284","0.36418640428229293","0.982306867178575","77732","77732","77732"
"57251","0","0","0","67984","67984","67984","0.4289682370650992","0.2442062263380144","0.62162048837027","77985","77985","77985","0.8020268169391617","0.5689052045792541","0.9624712509731733","77985","77985","77985"
"57501","0","0","0","68237","68237","68237","0.40361140796136413","0.296991335514561","0.6001211687315892","78238","78238","78238","0.7188531820855528","0.3787137447095543","0.9810346170950529","78238","78238","78238"
"57751","0","0","0","68490","68490","68490","0.368158592546005","0.2123873785245094","0.6296290273031104","78491","78491","78491","0.76359605013713","0.5753336615068629","0.9664843864128296","78491","78491","78491"
"58001","0","0","0","68743","68743","68743","0.3439347911014102","0.11566188028366235","0.5501190096656036","78744","78744","78744","0.7512690478309056","0.4872619439063646","0.9530259131556789","78744","78744","78744"
"58251","0","0","0","68996","68996","68996","0.3305513576036509","0.19268245163814054","0.47477789500987927","78997","78997","78997","0.7951228085685399","0.4178371201168623","0.9812851414690108","78997","78997","78997"
"58501","0","0","0","69249","69249","69249","0.3891509256713195","0.20858421615183942","0.6297571600258836","79250","79250","79250","0.7286698655609933","0.3733782376744286","0.9005126916579611","79250","79250","79250"
"58751","0","0","0","69502","69502","69502","0.37511795033445944","0.157040496868997","0.5551705628183692","79503","79503","79503","0.7447276821484087","0.5346754836030828","0.9757207288949493","79503","79503","79503"
"59001","0","0","0","69755","69755","69755","0.383633213069109","0.16361104412310482","0.6182541847240307","79756","79756","79756","0.7174463800302906","0.43861909909860763","0.9572001633147421","79756","79756","79756"
"59251","0","0","0","70008","70008","70008","0.3289598252211142","0.12789289706377396","0.5304336056758173","80009","80009","80009","0.7993096978795137","0.43882684513795217","0.9919536971460285","80009","80009","80009"
"59501","0","0","0","70261","70261","70261","0.35741411978953047","0.2165882675198212","0.5994287840785119","80262","80262","80262","0.7516380889020781","0.5026708134537591","0.9241874347317625","80262","80262","80262"
"59751","0","0","0","70514","70514","70514","0.3880650364452033","0.18955613054211454","0.632003827710416","80515","80515","80515","0.7548407679643463","0.40735592318454233","0.9292240153037988","80515","80515","80515"
"60001","0","0","0","70767","70767","70767","0.36268767522171064","0.14743492729148347","0.4659736844163917","80768","80768","80768","0.73766991939367","0.44512540155961294","0.9738955365752268","80768","80768","80768"
"60251","0","0","0","71020","71020","71020","0.43935295365480964","0.30038017576958664","0.6848167336113294","81021","81021","81021","0.7119023440638481","0.4801947926236143","0.932161814018759","81021","81021","81021"
"60501","0","0","0","71273","71273","71273","0.39738569486035896","0.2905777011520088","0.5582880455833282","81274","81274","81274","0.8234227049300499","0.5713219939567594","0.9824408740775015","81274","81274","81274"
"60751","0","0","0","71526","71526","71526","0.41886096912968424","0.18236847705737091","0.5262422536809117","81527","81527","81527","0.7571565754672174","0.5773853276486817","0.9723348930799444","81527","81527","81527"
"61001","0","0","0","71779","71779","71779","0.38357771867244955","0.0955195263911502","0.6582583868244332","81780","81780","81780","0.6968474227225827","0.4563573867954933","0.9471078970545416","81780","81780","81780"
"61251","0","0","0","72032","72032","72032","0.4053867944209418","0.22706093528814209","0.593532765844567","82033","82033","82033","0.7871416187413681","0.3653685632897709","0.9755944876573586","82033","82033","82033"
"61501","0","0","0","72285","72285","72285","0.40351753117795647","0.27907571949317844","0.5492939054317065","82286","82286","82286","0.774292824861171","0.5386772177731834","0.9719798258728516","82286","82286","82286"
"61751","0","0","0","72538","72538","72538","0.3329027042948682","0.2030171335759263","0.5292652356236102","82539","82539","82539","0.7954356530345412","0.6723727363897359","0.9790525446593837","82539","82539","82539"
"62001","0","0","0","72791","72791","72791","0.35196431685795065","0.19271225218393925","0.5830067227332072","82792","82792","82792","0.7888211748775988","0.44672377616416054","0.9648674324855863","82792","82792","82792"
"62251","0","0","0","73044","73044","73044","0.3912054584659064","0.05742962686761468","0.6121960881391091","83045","83045","83045","0.8299762313537528","0.677763717162763","0.9708205885366897","83045","83045","83045"
"62501","0","0","0","73297","73297","73297","0.38638963959014017","0.17820158066451966","0.5662426218060154","83298","83298","83298","0.7514996476216259","0.39961427512903797","0.945719364961849","83298","83298","83298"
"62751","0","0","0","73550","73550","73550","0.34262230980523467","0.11173379510643368","0.49075617583650216","83551","83551","83551","0.7987915939526731","0.5648741938949025","0.955530613746926","83551","83551","83551"
"63001","0","0","0","73803","73803","73803","0.3747840131254605","0.09871511042958775","0.6593419552684636","83804","83804","83804","0.8192766094041041","0.64614390200061","0.9743149220434976","83804","83804","83804"
"63251","0","0","0","74056","74056","74056","0.3235286724952627","0.12338643578537634","0.47242629784844564","84057","84057","84057","0.7788958435834623","0.4146408655680455","0.9602000542665436","84057","84057","84057"
"63501","0","0","0","74309","74309","74309","0.40528608517751297","0.20600328845424268","0.5940551714425423","84310","84310","84310","0.7552577753543668","0.4563173188878427","0.958654304579195","84310","84310","84310"
"63751","0","0","0","74562","74562","74562","0.36578052788458526","0.2238815334461672","0.5359217319082223","84563","84563","84563","0.8245896288007248","0.5788397125149651","0.9776976372882059","84563","84563","84563"
"64001","0","0","0","74815","74815","74815","0.3991015877024151","0.04594786856723585","0.6140843878736569","84816","84816","84816","0.7712221531553399","0.39135907609595116","0.9675828032204553","84816","84816","84816"
"64251","0","0","0","75068","75068","75068","0.3911298045187211","0.17691738653625158","0.5462797006180277","85069","85069","85069","0.7876272975764239","0.41739698402985265","0.9724025543945989","85069","85069","85069"
"64501","0","0","0","75321","75321","75321","0.44718302436733737","0.2504202503413393","0.6470761184645988","85322","85322","85322","0.769652375019865","0.5168180648446173","0.9692772823676968","85322","85322","85322"
"64751","0","0","0","75574","75574","75574","0.42109005603244476","0.19203034405593955","0.6474009221576341","85575","85575","85575","0.7455706253270102","0.3561966609098473","0.9355501264599712","85575","85575","85575"
"65001","0","0","0","75827","75827","75827","0.4136718043194409","0.2697401027662155","0.5977876532512609","85828","85828","85828","0.73890960723494","0.3731830380946762","0.9766571495722592","85828","85828","85828"
"65251","0","0","0","76080","76080","76080","0.40396992837905304","0.2429899186754073","0.6609586930099378","86081","86081","86081","0.7296815422950373","0.5856547696812455","0.9486731696378546","86081","86081","86081"
"65501","0","0","0","76333","76333","76333","0.3645220841114365","0.1943581428649176","0.534807742853107","86334","86334","86334","0.7090548746752047","0.38196023864545686","0.9714251340310521","86334","86334","86334"
"65751","0","0","0","76586","76586","76586","0.46233380082705555","0.2933237495513854","0.5994600317630797","86587","86587","86587","0.7606292783367061","0.40251675279159843","0.961657298433337","86587","86587","86587"
"66001","0","0","0","76839","76839","76839","0.440988919487192","0.16391117856546925","0.6514682722736126","86840","86840","86840","0.7814343062323078","0.6460664130720503","0.9365910028454613","86840","86840","86840"
"66251","0","0","0","77092","77092","77092","0.40242275334524813","0.23937668525257497","0.6387061790728525","87093","87093","87093","0.7733837334675872","0.5461058404539988","0.976505952639461","87093","87093","87093"
"66501","0","0","0","77345","77345","77345","0.38274515289762207","0.23389056555020515","0.5199895718096852","87346","87346","87346","0.759906283956257","0.5429547750631039","0.973713583628174","87346","87346","87346"
"66751","0","0","0","77598","77598","77598","0.3024008422546875","0.14951342132027304","0.5287731771567603","87599","87599","87599","0.6934177410627579","0.45800559132482327","0.8523101701236634","87599","87599","87599"
"67001","0","0","0","77851","77851","77851","0.40467871827244634","0.23244275710888193","0.6093582526743634","87852","87852","87852","0.8240239038522533","0.5149107451789148","0.9710497948664919","87852","87852","87852"
"67251","0","0","0","78104","78104","78104","0.3974703801740787","0.11559736522107979","0.5484673603133349","88105","88105","88105","0.8207158706149933","0.6231523477030145","0.9579429622981026","88105","88105","88105"
"67501","0","0","0","78357","78357","78357","0.36237307546061814","0.09254355733084131","0.6283953269509618","88358","88358","88358","0.7754990916504807","0.6278918192674898","0.9839190876687973","88358","88358","88358"
"67751","0","0","0","78610","78610","78610","0.3791062561817675","0.12893423243980245","0.6582099705338654","88611","88611","88611","0.6788010025641734","0.38076003236627326","0.8959599478079566","88611","88611","88611"
"68001","0","0","0","78863","78863","78863","0.4147780032917335","0.2888818444036572","0.6480163422557393","88864","88864","88864","0.7563688544066718","0.5767384781147247","0.9464807746080982","88864","88864","88864"
"68251","0","0","0","79116","79116","79116","0.4371704000273734","0.19748779978705702","0.6310474573135928","89117","89117","89117","0.8169142107934153","0.5380439761137366","0.959776945270698","89117","89117","89117"
"68501","0","0","0","79369","79369","79369","0.3695557560899675","0.18881779540554156","0.5491377485932122","89370","89370","89370","0.7275861818421332","0.48653606480059786","0.9736702174783932","89370","89370","89370"
"68751","0","0","0","79622","79622","79622","0.428530246956747","0.21562076191290236","0.5875329014835127","89623","89623","89623","0.6799726957454301","0.3699771104633906","0.8934354805306604","89623","89623","89623"
"69001","0","0","0","79875","79875","79875","0.36712024498114726","0.14622732006660769","0.7076093324673488","89876","89876","89876","0.7859326639416186","0.5633838333144321","0.9538222589901734","89876","89876","89876"
"69251","0","0","0","80128","80128","80128","0.3970889847166186","0.25550154173169504","0.5248129359608426","90129","90129","90129","0.765210369018517","0.4870766691518192","0.9606453134527296","90129","90129","90129"
"69501","0","0","0","80381","80381","80381","0.3462475501267484","0.15941268996098287","0.6021633067969042","90382","90382","90382","0.7286006134591372","0.40357757766160657","0.9805844669792808","90382","90382","90382"
"69751","0","0","0","80634","80634","80634","0.36623121515436685","0.24099167632798432","0.4764889336501879","90635","90635","90635","0.7991163472626701","0.512274197714511","0.9809058963536338","90635","90635","90635"
"70001","0","0","0","80887","80887","80887","0.44438615459618863","0.26315972168418855","0.593104691142533","90888","90888","90888","0.7593832290143163","0.3890225372225518","0.9469814089671065","90888","90888","90888"
"70251","0","0","0","81140","81140","81140","0.4066426977761095","0.2507743141460683","0.5717959661862245","91141","91141","91141","0.7508058202433011","0.42266181729228597","0.98702908940019","91141","91141","91141"
"70501","0","0","0","81393","81393","81393","0.4122004216702001","0.27645204681772484","0.5762358806846553","91394","91394","91394","0.7601483411569216","0.3864944153349696","0.9698471564653416","91394","91394","91394"
"70751","0","0","0","81646","81646","81646","0.37759417900151604","0.19171172257730287","0.6665170286999916","91647","91647","91647","0.7503272755764465","0.4967905062816116","0.9667882414812282","91647","91647","91647"
"71001","0","0","0","81899","81899","81899","0.4376230883155955","0.3147775786958094","0.597416475501317","91900","91900","91900","0.7735199059350707","0.574469565862537","0.9738217634691058","91900","91900","91900"
"71251","0","0","0","82152","82152","82152","0.4051506451421756","0.1391249582428073","0.5876242427783073","92153","92153","92153","0.7933052694083826","0.4507318807415954","0.9752484774906541","92153","92153","92153"
"71501","0","0","0","82405","82405","82405","0.35758981882038243","0.2437656559242141","0.535115959016716","92406","92406","92406","0.7715384603486986","0.5210170423282117","0.9866104608254043","92406","92406","92406"
"71751","0","0","0","82658","82658","82658","0.45398599995968497","0.28672629025535873","0.6565457214916901","92659","92659","92659","0.7472220681086232","0.492566154975768","0.9592835130388968","92659","92659","92659"
"72001","0","0","0","82911","82911","82911","0.399045755954917","0.30863516770756727","0.6663633284855239","92912","92912","92912","0.794365775274021","0.6167425418181431","0.9439636302956148","92912","92912","92912"
"72251","0","0","0","83164","83164","83164","0.377397582522475","0.08816369725832136","0.6627176819819371","93165","93165","93165","0.7525427455015019","0.4065450821953038","0.9814865209454977","93165","93165","93165"
"72501","0","0","0","83417","83417","83417","0.3973650724170916","0.1717652524711392","0.6286516146743749","93418","93418","93418","0.8186908959923397","0.4904634959607457","0.9648114843642336","93418","93418","93418"
"72751","0","0","0","83670","83670","83670","0.4559655081166253","0.24817909421553988","0.6960309437330102","93671","93671","93671","0.6701397936768551","0.3622183997950273","0.9572596461794732","93671","93671","93671"
"73001","0","0","0","83923","83923","83923","0.390029535320651","0.15521674373127306","0.652025665883289","93924","93924","93924","0.7847355463288667","0.4188052489715474","0.9758503699032102","93924","93924","93924"
"73251","0","0","0","84176","84176","84176","0.40340782483399984","0.24082027698815936","0.5483589109001047","94177","94177","94177","0.7766053179352691","0.6248179059931414","0.9256374460024359","94177","94177","94177"
"73501","0","0","0","84429","84429","84429","0.41677287056951196","0.11736391474651875","0.5826473299990452","94430","94430","94430","0.7192188664617054","0.37642704469168153","0.9342316373743316","94430","94430","94430"
"73751","0","0","0","84682","84682","84682","0.36678464465976435","0.08407177512125803","0.6333548013909374","94683","94683","94683","0.7795794912038483","0.5684193915483982","0.9806319485129058","94683","94683","94683"
"74001","0","0","0","84935","84935","84935","0.36196894018150544","0.007377806361732551","0.5610786025186371","94936","94936","94936","0.7652238816815264","0.489601126719708","0.8943220837645128","94936","94936","94936"
"74251","0","0","0","85188","85188","85188","0.409590266418427","0.2745362484581009","0.6114548314867919","95189","95189","95189","0.7599957618191692","0.44919417020979613","0.9455962706297182","95189","95189","95189"
"74501","0","0","0","85441","85441","85441","0.3659056979093809","0.20080411851262184","0.4288546559295412","95442","95442","95442","0.7348847740419533","0.5579181803882661","0.9818299463037571","95442","95442","95442"
"74751","0","0","0","85694","85694","85694","0.3909945395097878","0.16627885813520987","0.6180171492570574","95695","95695","95695","0.8337259030089411","0.631708764771969","0.9726062147514224","95695","95695","95695"
"75001","0","0","0","85947","85947","85947","0.3478828355063762","0.1799882709197795","0.4842481104194761","95948","95948","95948","0.7208609187096021","0.4466684179698663","0.952224075849637","95948","95948","95948"
"75251","0","0","0","86200","86200","86200","0.3430786735038503","0.2219244515414063","0.46313729920413005","96201","96201","96201","0.7899144273160351","0.519010105638242","0.9532475738980012","96201","96201","96201"
"75501","0","0","0","86453","86453","86453","0.41078259513415133","0.28371530916003046","0.5748525065862643","96454","96454","96454","0.7876237898878499","0.5095395474359344","0.9639235492584324","96454","96454","96454"
"75751","0","0","0","86706","86706","86706","0.3763731184214192","0.21901917909386315","0.6313482007316159","96707","96707","96707","0.8015622477267839","0.6026613120512002","0.973625942464667","96707","96707","96707"
"76001","0","0","0","86959","86959","86959","0.33875737860381844","0.1631100145668039","0.5377472740250125","96960","96960","96960","0.7217011331872867","0.3825179846606555","0.9761229448522414","96960","96960","96960"
"76251","0","0","0","87212","87212","87212","0.40477493978082385","0.31689311959288735","0.5195783943141002","97213","97213","97213","0.6913587405908812","0.5305703635504909","0.9614972801064531","97213","97213","97213"
"76501","0","0","0","87465","87465","87465","0.38906062619677473","0.32272491261857905","0.5085000750013458","97466","97466","97466","0.7388241256916074","0.6711495041087551","0.8095372783603395","97466","97466","97466"
"76751","0","0","0","87718","87718","87718","0.37714792860274926","0.19547600972864743","0.512321202700073","97719","97719","97719","0.6907735486078843","0.44595244348628454","0.9362306172406781","97719","97719","97719"
"77001","0","0","0","87971","87971","87971","0.443219389403671","0.30320372207695995","0.6211165395874391","97972","97972","97972","0.7215259804698432","0.36594422635574947","0.9842500408095063","97972","97972","97972"
"77251","0","0","0","88224","88224","88224","0.43499892539917634","0.2730459457187916","0.6384368436252325","98225","98225","98225","0.6985113883873855","0.4116136843152305","0.9385712016558497","98225","98225","98225"
"77501","0","0","0","88477","88477","88477","0.43423508475243844","0.08349337753957929","0.7509259894518282","98478","98478","98478","0.7207727251221889","0.38370042298510026","0.9743233731853284","98478","98478","98478"
"77751","0","0","0","88730","88730","88730","0.38358827024493525","0.201550684886477","0.5147960394709384","98731","98731","98731","0.6994876743079445","0.47148681483963256","0.9773651583930413","98731","98731","98731"
"78001","0","0","0","88983","88983","88983","0.39299201563816716","0.3049394989334235","0.5419346825876604","98984","98984","98984","0.7493652911243143","0.37896551652686733","0.9742307245954921","98984","98984","98984"
"78251","0","0","0","89236","89236","89236","0.3601738239750705","0.21891029348372681","0.44493730062161313","99237","99237","99237","0.764922124719909","0.5159597470295779","0.934892984268287","99237","99237","99237"
"78501","0","0","0","89489","89489","89489","0.40395218775480546","0.16230959184758104","0.5461371964644227","99490","99490","99490","0.7407251421873966","0.3985188708202572","0.9393462402728638","99490","99490","99490"
"78751","0","0","0","89742","89742","89742","0.39092589921036847","0.30338438078856034","0.582216588895525","99743","99743","99743","0.7584246295581223","0.46057048850240384","0.9652779764828557","99743","99743","99743"
"79001","0","0","0","89995","89995","89995","0.449293632916081","0.28616629019284606","0.6613709910602972","99996","99996","99996","0.7849719487246418","0.6154541975169702","0.9460367651150164","99996","99996","99996"
"79251","0","0","0","90248","90248","90248","0.4670168127218486","0.23228582694293587","0.6952635130852101","100249","100249","100249","0.802815865588852","0.4342310286563789","0.9433593148132314","100249","100249","100249"
"79501","0","0","0","90501","90501","90501","0.3898796594983086","0.27199965573863744","0.5226534747114129","100502","100502","100502","0.7521204508026312","0.49951305981184174","0.9699177152071549","100502","100502","100502"
"79751","0","0","0","90754","90754","90754","0.44657613487188436","0.3404089887718114","0.553186015462885","100755","100755","100755","0.7852617806991261","0.6086023206848687","0.9629896875964806","100755","100755","100755"
"80001","0","0","0","91007","91007","91007","0.4480121182696881","0.33545702756254947","0.6078600968407034","101008","101008","101008","0.7876434252529473","0.3801057975172364","0.964145626466876","101008","101008","101008"
"80251","0","0","0","91260","91260","91260","0.3987865337969051","0.2972091380205055","0.627996814450042","101261","101261","101261","0.7723747000553034","0.6506055059403262","0.9795694057576907","101261","101261","101261"
"80501","0","0","0","91513","91513","91513","0.3389357561151583","0.1831654227543739","0.45190193946613144","101514","101514","101514","0.7511182311011985","0.43924633457562345","0.916603311979987","101514","101514","101514"
"80751","0","0","0","91766","91766","91766","0.47301135076430334","0.31884584591550874","0.6027788584483305","101767","101767","101767","0.7996178058583727","0.427813199664052","0.9769970490048224","101767","101767","101767"
"81001","0","0","0","92019","92019","92019","0.4019227943470288","0.26672114603418795","0.5806097182179003","102020","102020","102020","0.786270288324497","0.41294616749185925","0.9742952404194275","102020","102020","102020"
"81251","0","0","0","92272","92272","92272","0.3776107895519888","0.19729494150380786","0.48998559417719667","102273","102273","102273","0.8044244907867816","0.5978186656345589","0.9655245550485777","102273","102273","102273"
"81501","0","0","0","92525","92525","92525","0.3525284833284517","0.14860710961876997","0.5429094398594169","102526","102526","102526","0.8123005233547698","0.5921468662212864","0.9639376652622594","102526","102526","102526"
"81751","0","0","0","92778","92778","92778","0.3991819781137118","0.2730431078193189","0.610809145165632","102779","102779","102779","0.7310968540900612","0.35451775715871653","0.9768200642983933","102779","102779","102779"
"82001","0","0","0","93031","93031","93031","0.39666854494730697","0.23214334679677698","0.5703835494075499","103032","103032","103032","0.7298310725987176","0.38895407819402683","0.9737028870287915","103032","103032","103032"
"82251","0","0","0","93284","93284","93284","0.39495123339149785","0.26050171605906486","0.6054073429374727","103285","103285","103285","0.7615969498417867","0.6097342536356926","0.9503264210699647","103285","103285","103285"
"82501","0","0","0","93537","93537","93537","0.3705540320236259","0.16720448284170908","0.6211195353359819","103538","103538","103538","0.7418679923887622","0.4714684212494972","0.9391298357424721","103538","103538","103538"
"82751","0","0","0","93790","93790","93790","0.32945886456070234","0.1540271295946519","0.5066899521942313","103791","103791","103791","0.7489471549636578","0.3899906598027551","0.9699458142620593","103791","103791","103791"
"83001","0","0","0","94043","94043","94043","0.36520861289175116","0.20420181915537916","0.49458986709459224","104044","104044","104044","0.7653373125808869","0.3639808899701431","0.9847020086655176","104044","104044","104044"
"83251","0","0","0","94296","94296","94296","0.41990701727807683","0.16557712358966106","0.6580983248850516","104297","104297","104297","0.7829697758902389","0.37447051793926384","0.9691776804887752","104297","104297","104297"
"83501","0","0","0","94549","94549","94549","0.4396209515246987","0.1635714018608211","0.5912877460532033","104550","104550","104550","0.7762428784935239","0.6261913920658015","0.9633525847456457","104550","104550","104550"
"83751","0","0","0","94802","94802","94802","0.3871135801314297","0.11129763866702717","0.5805532710847858","104803","104803","104803","0.7972928534864006","0.5273040748427217","0.9847074840982017","104803","104803","104803"
"84001","0","0","0","95055","95055","95055","0.4553655447887399","0.31032727760374607","0.639217518551666","105056","105056","105056","0.7058083959321846","0.3338165726863515","0.9372810567778327","105056","105056","105056"
"84251","0","0","0","95308","95308","95308","0.37580623591036144","0.22018936974003048","0.5065706136539054","105309","105309","105309","0.8242664750937548","0.6546444358360975","0.982593356939832","105309","105309","105309"
"84501","0","0","0","95561","95561","95561","0.33422856894239866","0.15036874460676944","0.5917475606547311","105562","105562","105562","0.7733049518422198","0.5157033721681789","0.9567851421316917","105562","105562","105562"
"84751","0","0","0","95814","95814","95814","0.4241777812083475","0.2171289829522206","0.5618414230378334","105815","105815","105815","0.7994539503324185","0.4504075397535156","0.971637903640093","105815","105815","105815"
"85001","0","0","0","96067","96067","96067","0.3771799965174589","0.19216064166355684","0.5852445557945055","106068","106068","106068","0.7200353274611881","0.37596380442933025","0.9760486752100256","106068","106068","106068"
"85251","0","0","0","96320","96320","96320","0.37871779750281664","0.03332808866308821","0.6159631426200846","106321","106321","106321","0.7830817904818027","0.49601070002107006","0.9713870599309296","106321","106321","106321"
"85501","0","0","0","96573","96573","96573","0.3836421942208483","0.18954876474713733","0.5484308371294845","106574","106574","106574","0.7316336275397402","0.3569479463348433","0.9397371798582913","106574","106574","106574"
"85751","0","0","0","96826","96826","96826","0.40826909708941284","0.25452856568715215","0.597701042570994","106827","106827","106827","0.7682083822097496","0.35418678472722576","0.9798406742937157","106827","106827","106827"
"86001","0","0","0","97079","97079","97079","0.4107243261189885","0.16639794180465303","0.6507610920115533","107080","107080","107080","0.7008863207253322","0.5445204576932674","0.9034851314269473","107080","107080","107080"
"86251","0","0","0","97332","97332","97332","0.4229147540289243","0.28907562345214394","0.5927262212756953","107333","107333","107333","0.7798651869953513","0.5967284093641473","0.9767806919836626","107333","107333","107333"
"86501","0","0","0","97585","97585","97585","0.4439652553619786","0.0900618329872313","0.6080571359090584","107586","107586","107586","0.7895795990117557","0.5782858111486419","0.9828292881153597","107586","107586","107586"
"86751","0","0","0","97838","97838","97838","0.41975796493860623","0.20439171578721868","0.6299519009572719","107839","107839","107839","0.7816616469230111","0.5522586072206442","0.9508286552032357","107839","107839","107839"
"87001","0","0","0","98091","98091","98091","0.35706355897046643","0.14218505665017592","0.48577475248854546","108092","108092","108092","0.8045728162916644","0.6072059181593806","0.9640437011174287","108092","108092","108092"
"87251","0","0","0","98344","98344","98344","0.38246972168503457","0.27429142642541","0.5542000930814177","108345","108345","108345","0.719880500751025","0.513646968105311","0.9523182085398325","108345","108345","108345"
"87501","0","0","0","98597","98597","98597","0.3573947555685013","0.1608370692841559","0.5055330650254853","108598","108598","108598","0.7943509212403266","0.5979067183629412","0.9805164527003122","108598","108598","108598"
"87751","0","0","0","98850","98850","98850","0.34294526103176126","0.15556272474339825","0.5882981140508147","108851","108851","108851","0.7357606302002511","0.39755909711396087","0.9867055816691184","108851","108851","108851"
"88001","0","0","0","99103","99103","99103","0.39345320984089566","0.21488665591470277","0.6144126485543244","109104","109104","109104","0.7508383886453931","0.5877854682726671","0.9530326186254978","109104","109104","109104"
"88251","0","0","0","99356","99356","99356","0.38113764731875827","0.21425067907255976","0.5211103088692343","109357","109357","109357","0.6970405166077001","0.3973544344458198","0.8771704821163854","109357","109357","109357"
"88501","0","0","0","99609","99609","99609","0.39505353882455574","0.1615085949211644","0.5054731740912283","109610","109610","109610","0.7743042552243756","0.3369945608458717","0.9401230959856149","109610","109610","109610"
"88751","0","0","0","99862","99862","99862","0.3859319967143661","0.27675772857533554","0.5797989839892521","109863","109863","109863","0.7964101301795553","0.48665005013965135","0.943430004864484","109863","109863","109863"
"89001","0","0","0","100115","100115","100115","0.378727110653829","0.15437822664016607","0.562189999173545","110116","110116","110116","0.6811810544007911","0.35319029062461377","0.9396369171431572","110116","110116","110116"
"89251","0","0","0","100368","100368","100368","0.3170613943631572","0.05562809167254604","0.5142708860734735","110369","110369","110369","0.7395611622792821","0.45457610072396304","0.9724203253504576","110369","110369","110369"
"89501","0","0","0","100621","100621","100621","0.3939132949081565","0.28278398817758676","0.6773091527977275","110622","110622","110622","0.7390268846858055","0.3509707360857314","0.9852302652062858","110622","110622","110622"
"89751","0","0","0","100874","100874","100874","0.3823696005117219","0.23096571569511012","0.5490564944427193","110875","110875","110875","0.7096333885074338","0.47256049070864165","0.9848111031287536","110875","110875","110875"
"90001","0","0","0","101127","101127","101127","0.4462817182227347","0.3009530013233363","0.6180350202291339","111128","111128","111128","0.7692032892003927","0.48857134916830586","0.9368761913940803","111128","111128","111128"
"90251","0","0","0","101380","101380","101380","0.33194035723201065","0.19718961311246755","0.43746045985933724","111381","111381","111381","0.7749254027051985","0.39510642078067043","0.9624295572903164","111381","111381","111381"
"90501","0","0","0","101633","101633","101633","0.2848665724286138","0.13440368231317626","0.565543380839628","111634","111634","111634","0.7589214023136365","0.3946298318796346","0.9720519290546679","111634","111634","111634"
"90751","0","0","0","101886","101886","101886","0.4106190075795036","0.28883634133374453","0.589044238847578","111887","111887","111887","0.7070214575559217","0.4510839307261856","0.9835351936246012","111887","111887","111887"
"91001","0","0","0","102139","102139","102139","0.32093700329771735","0.13029557314710274","0.5013026570058033","112140","112140","112140","0.7767142156341728","0.5000550117363672","0.9576090301885404","112140","112140","112140"
"91251","0","0","0","102392","102392","102392","0.39856890105078074","0.2625741326717663","0.5083819242862682","112393","112393","112393","0.753051418969352","0.4224406840758161","0.9883525350896255","112393","112393","112393"
"91501","0","0","0","102645","102645","102645","0.46147007947834906","0.3349001921536756","0.6152525302696382","112646","112646","112646","0.7295859006610192","0.3354578669548212","0.8997142682214826","112646","112646","112646"
"91751","0","0","0","102898","102898","102898","0.44809694052724164","0.26509403133543746","0.6693189667314323","112899","112899","112899","0.7161563080353078","0.36253401604153956","0.982359097387933","112899","112899","112899"
"92001","0","0","0","103151","103151","103151","0.4415716007692561","0.33153756992027067","0.6340092202204007","113152","113152","113152","0.7789688469634375","0.42735827758620887","0.9830037426067118","113152","113152","113152"
"92251","0","0","0","103404","103404","103404","0.3786327635866332","0.1288477076019757","0.5505037661671762","113405","113405","113405","0.7770306089831911","0.4602334620690822","0.9041395055018753","113405","113405","113405"
"92501","0","0","0","103657","103657","103657","0.3532008235223073","0.14458125894651716","0.5736661975770007","113658","113658","113658","0.7683777583467797","0.6004278042713121","0.9642524323320306","113658","113658","113658"
"92751","0","0","0","103910","103910","103910","0.365569809725922","0.14776597202097316","0.5143178627066072","113911","113911","113911","0.740610044262006","0.350663035994416","0.9307315262575321","113911","113911","113911"
"93001","0","0","0","104163","104163","104163","0.3564137910644547","0.2482099026268303","0.5012169538699831","114164","114164","114164","0.7811284322308115","0.5766395647432287","0.9571215598869949","114164","114164","114164"
"93251","0","0","0","104416","104416","104416","0.3844990778069307","0.18260718955570954","0.6120048388641496","114417","114417","114417","0.7580723843187303","0.5136737874256937","0.9669301794501881","114417","114417","114417"
"93501","0","0","0","104669","104669","104669","0.4092908464276235","0.2852132170088098","0.5744548361932512","114670","114670","114670","0.7763524714775398","0.6154410812027297","0.957221658295218","114670","114670","114670"
"93751","0","0","0","104922","104922","104922","0.45345930002482715","0.23254749673006078","0.637527913861614","114923","114923","114923","0.8178152739192728","0.612326697327965","0.9549999625259625","114923","114923","114923"
"94001","0","0","0","105175","105175","105175","0.364228087813526","0.17698026120260493","0.4833531325419231","115176","115176","115176","0.7671809876967229","0.6470108784707078","0.9444372905144817","115176","115176","115176"
"94251","0","0","0","105428","105428","105428","0.40019617062927015","0.30427761504678535","0.5193942497639138","115429","115429","115429","0.7359269205998548","0.5889247379246401","0.9577040477472578","115429","115429","115429"
"94501","0","0","0","105681","105681","105681","0.39276293966330783","0.17304905314539695","0.5780115502529322","115682","115682","115682","0.7610551324067409","0.4256746008070352","0.9929756884444306","115682","115682","115682"
"94751","0","0","0","105934","105934","105934","0.39892773535929965","0.3159919308779656","0.5658026865641143","115935","115935","115935","0.7921444527256087","0.6413567773350805","0.9576840187761692","115935","115935","115935"
"95001","0","0","0","106187","106187","106187","0.46632443664765766","0.3208909898854406","0.6079590820321278","116188","116188","116188","0.7910760275902624","0.6404618055051685","0.8920452071225712","116188","116188","116188"
"95251","0","0","0","106440","106440","106440","0.43731711351420055","0.1681931160125718","0.6515177335128871","116441","116441","116441","0.7358867927679854","0.58050957812603","0.9779060130923664","116441","116441","116441"
"95501","0","0","0","106693","106693","106693","0.40886287619793854","0.14136059672870185","0.6093360367012697","116694","116694","116694","0.7861811995050445","0.6477963118766098","0.9413323131602499","116694","116694","116694"
"95751","0","0","0","106946","106946","106946","0.36252025446884667","0.2316297812543406","0.469591246495825","116947","116947","116947","0.7524598788492853","0.6388898572930838","0.9743476494743312","116947","116947","116947"
"96001","0","0","0","107199","107199","107199","0.4602536017609751","0.27726122592083047","0.6372097977846012","117200","117200","117200","0.766652444726327","0.4645065199955513","0.9632138861773757","117200","117200","117200"
"96251","0","0","0","107452","107452","107452","0.4143639290873201","0.19339508358144733","0.672558317412666","117453","117453","117453","0.7188693620021527","0.5260506503110195","0.971084475412852","117453","117453","117453"
"96501","0","0","0","107705","107705","107705","0.42296389414284397","0.08299691640969581","0.7226050742580358","117706","117706","117706","0.7817064555775655","0.3799701072783437","0.9493155289941374","117706","117706","117706"
"96751","0","0","0","107958","107958","107958","0.37085502114676167","0.27658020993823423","0.5630441787328326","117959","117959","117959","0.7351749628671054","0.5781025448146216","0.9706037259864964","117959","117959","117959"
"97001","0","0","0","108211","108211","108211","0.3384556958998142","0.1266367117496371","0.5441693874984311","118212","118212","118212","0.7804609516008574","0.5908503776456121","0.953053344645086","118212","118212","118212"
"97251","0","0","0","108464","108464","108464","0.35791724401708186","0.21846243386597208","0.49685763937145816","118465","118465","118465","0.7552809631057779","0.5365885421580896","0.9455396353548173","118465","118465","118465"
"97501","0","0","0","108717","108717","108717","0.3770970524277876","0.10555366634803748","0.6081741867571823","118718","118718","118718","0.7770165311876245","0.4832287149386754","0.9623423208837615","118718","118718","118718"
"97751","0","0","0","108970","108970","108970","0.32378559643146826","0.144129325312354","0.42457518634707103","118971","118971","118971","0.7826296036060625","0.5821880266036509","0.9519423790127033","118971","118971","118971"
"98001","0","0","0","109223","109223","109223","0.3964038815458943","0.09155366467294056","0.5476825044556917","119224","119224","119224","0.6951014748026607","0.35752020903235165","0.9593220737091689","119224","119224","119224"
"98251","0","0","0","109476","109476","109476","0.3279527084825348","0.18052620310549086","0.4315764307581331","119477","119477","119477","0.7571925042019305","0.4647432503248769","0.9854837666048567","119477","119477","119477"
"98501","0","0","0","109729","109729","109729","0.35285213369814905","0.20344591076936983","0.4724252427001528","119730","119730","119730","0.7413742611001091","0.3683136532400508","0.9820672026330483","119730","119730","119730"
"98751","0","0","0","109982","109982","109982","0.3653167085088093","0.22519270327985852","0.5231240089509663","119983","119983","119983","0.7012462883197108","0.45950467946199614","0.9762256687678641","119983","119983","119983"
"99001","0","0","0","110235","110235","110235","0.3020492165883325","0.0888273643863533","0.5268503157395661","120236","120236","120236","0.836953408321375","0.6375926546862475","0.9795998214617092","120236","120236","120236"
"99251","0","0","0","110488","110488","110488","0.451521569433604","0.30557212612942336","0.6160579440566165","120489","120489","120489","0.7425027585347995","0.5703782795730051","0.9480558383087474","120489","120489","120489"
"99501","0","0","0","110741","110741","110741","0.34727697009768654","0.16472645055512905","0.5553574668767343","120742","120742","120742","0.7396342342795507","0.38109214624499826","0.9493479223035205","120742","120742","120742"
"99751","0","0","0","110994","110994","110994","0.37131891462906585","0.12177884465382825","0.5028222442667761","120995","120995","120995","0.7686253424162952","0.4789981145537634","0.9640968544742702","120995","120995","120995"
"100001","0","0","0","111247","111247","111247","0.335895738717444","0.1273011565385967","0.547415102471042","121248","121248","121248","0.7188405474497431","0.48776004445379056","0.9506838732064766","121248","121248","121248"